PV,Value
DIAG_MTCA01:PICO3_CH0:RNG0_EEGAIN_RD,2.4766969031198016e-10
DIAG_MTCA01:PICO3_CH0:RNG0_EEOFST_RD,1.93289118044504e-09
DIAG_MTCA01:PICO3_CH0:RNG1_EEGAIN_RD,3.184699032265925e-11
DIAG_MTCA01:PICO3_CH0:RNG1_EEOFST_RD,-3.6105383127704727e-09
DIAG_MTCA01:PICO3_CH1:RNG0_EEGAIN_RD,2.4769883366637657e-10
DIAG_MTCA01:PICO3_CH1:RNG0_EEOFST_RD,2.3972814844341883e-09
DIAG_MTCA01:PICO3_CH1:RNG1_EEGAIN_RD,3.185015098883248e-11
DIAG_MTCA01:PICO3_CH1:RNG1_EEOFST_RD,2.705093926635982e-10
DIAG_MTCA01:PICO3_CH2:RNG0_EEGAIN_RD,2.476905347492675e-10
DIAG_MTCA01:PICO3_CH2:RNG0_EEOFST_RD,-7.0557053533093494e-09
DIAG_MTCA01:PICO3_CH2:RNG1_EEGAIN_RD,3.1848669534984e-11
DIAG_MTCA01:PICO3_CH2:RNG1_EEOFST_RD,-7.629246678853008e-10
DIAG_MTCA01:PICO3_CH3:RNG0_EEGAIN_RD,2.476846783228126e-10
DIAG_MTCA01:PICO3_CH3:RNG0_EEOFST_RD,-1.4780710877460024e-08
DIAG_MTCA01:PICO3_CH3:RNG1_EEGAIN_RD,3.184597377470233e-11
DIAG_MTCA01:PICO3_CH3:RNG1_EEOFST_RD,-3.1599785010882897e-09
DIAG_MTCA01:PICO3_CH4:RNG0_EEGAIN_RD,2.4770716033906126e-10
DIAG_MTCA01:PICO3_CH4:RNG0_EEOFST_RD,2.4303739021291904e-09
DIAG_MTCA01:PICO3_CH4:RNG1_EEGAIN_RD,3.186378938480061e-11
DIAG_MTCA01:PICO3_CH4:RNG1_EEOFST_RD,-2.4861307457157977e-10
DIAG_MTCA01:PICO3_CH5:RNG0_EEGAIN_RD,2.476798766082311e-10
DIAG_MTCA01:PICO3_CH5:RNG0_EEOFST_RD,-9.442544524063123e-09
DIAG_MTCA01:PICO3_CH5:RNG1_EEGAIN_RD,3.186076749650546e-11
DIAG_MTCA01:PICO3_CH5:RNG1_EEOFST_RD,-5.81875436722612e-10
DIAG_MTCA01:PICO3_CH6:RNG0_EEGAIN_RD,2.4770288598041645e-10
DIAG_MTCA01:PICO3_CH6:RNG0_EEOFST_RD,-4.108878126629634e-09
DIAG_MTCA01:PICO3_CH6:RNG1_EEGAIN_RD,3.1859855031957096e-11
DIAG_MTCA01:PICO3_CH6:RNG1_EEOFST_RD,-1.1260008481173145e-09
DIAG_MTCA01:PICO3_CH7:RNG0_EEGAIN_RD,2.477045235593778e-10
DIAG_MTCA01:PICO3_CH7:RNG0_EEOFST_RD,-1.0738833156054284e-09
DIAG_MTCA01:PICO3_CH7:RNG1_EEGAIN_RD,3.186375122088414e-11
DIAG_MTCA01:PICO3_CH7:RNG1_EEOFST_RD,-2.539334020834616e-10
DIAG_MTCA01:PICO4_CH0:RNG0_EEGAIN_RD,2.4780785756739476e-10
DIAG_MTCA01:PICO4_CH0:RNG0_EEOFST_RD,-3.3684572908754262e-09
DIAG_MTCA01:PICO4_CH0:RNG1_EEGAIN_RD,3.188044273016999e-11
DIAG_MTCA01:PICO4_CH0:RNG1_EEOFST_RD,-9.063332861991569e-10
DIAG_MTCA01:PICO4_CH1:RNG0_EEGAIN_RD,2.478137695050009e-10
DIAG_MTCA01:PICO4_CH1:RNG0_EEOFST_RD,-5.793975521584116e-09
DIAG_MTCA01:PICO4_CH1:RNG1_EEGAIN_RD,3.188127539743846e-11
DIAG_MTCA01:PICO4_CH1:RNG1_EEOFST_RD,-6.232492855140492e-10
DIAG_MTCA01:PICO4_CH2:RNG0_EEGAIN_RD,2.4780180685191056e-10
DIAG_MTCA01:PICO4_CH2:RNG0_EEOFST_RD,-5.594383178930684e-09
DIAG_MTCA01:PICO4_CH2:RNG1_EEGAIN_RD,3.187665756354541e-11
DIAG_MTCA01:PICO4_CH2:RNG1_EEOFST_RD,-9.861732541693868e-10
DIAG_MTCA01:PICO4_CH3:RNG0_EEGAIN_RD,2.478139360384546e-10
DIAG_MTCA01:PICO4_CH3:RNG0_EEOFST_RD,-2.0371022646514803e-09
DIAG_MTCA01:PICO4_CH3:RNG1_EEGAIN_RD,3.18774451280035e-11
DIAG_MTCA01:PICO4_CH3:RNG1_EEOFST_RD,-4.0546865864854453e-10
DIAG_MTCA01:PICO4_CH4:RNG0_EEGAIN_RD,2.478828531327082e-10
DIAG_MTCA01:PICO4_CH4:RNG0_EEOFST_RD,-4.822823473915605e-09
DIAG_MTCA01:PICO4_CH4:RNG1_EEGAIN_RD,3.188236480378137e-11
DIAG_MTCA01:PICO4_CH4:RNG1_EEOFST_RD,-1.0168772490715128e-09
DIAG_MTCA01:PICO4_CH5:RNG0_EEGAIN_RD,2.478696969898664e-10
DIAG_MTCA01:PICO4_CH5:RNG0_EEOFST_RD,-4.51196502382345e-09
DIAG_MTCA01:PICO4_CH5:RNG1_EEGAIN_RD,3.188298236533882e-11
DIAG_MTCA01:PICO4_CH5:RNG1_EEOFST_RD,-3.598714937158576e-10
DIAG_MTCA01:PICO4_CH6:RNG0_EEGAIN_RD,2.4783924912341604e-10
DIAG_MTCA01:PICO4_CH6:RNG0_EEOFST_RD,-5.461222141178723e-09
DIAG_MTCA01:PICO4_CH6:RNG1_EEGAIN_RD,3.1878305550847585e-11
DIAG_MTCA01:PICO4_CH6:RNG1_EEOFST_RD,-2.129592502342348e-09
DIAG_MTCA01:PICO4_CH7:RNG0_EEGAIN_RD,2.478672822547878e-10
DIAG_MTCA01:PICO4_CH7:RNG0_EEOFST_RD,-6.4729324122936305e-09
DIAG_MTCA01:PICO4_CH7:RNG1_EEGAIN_RD,3.1883419515654765e-11
DIAG_MTCA01:PICO4_CH7:RNG1_EEOFST_RD,-1.6039316541593962e-09
DIAG_MTCA01:PICO5_CH0:RNG0_EEGAIN_RD,2.234313845050906e-10
DIAG_MTCA01:PICO5_CH0:RNG0_EEOFST_RD,1.8897560849495676e-08
DIAG_MTCA01:PICO5_CH0:RNG1_EEGAIN_RD,5.888367050899124e-12
DIAG_MTCA01:PICO5_CH0:RNG1_EEOFST_RD,5.016118631573363e-10
DIAG_MTCA01:PICO5_CH1:RNG0_EEGAIN_RD,2.2340734817660746e-10
DIAG_MTCA01:PICO5_CH1:RNG0_EEOFST_RD,-1.7521990969271428e-08
DIAG_MTCA01:PICO5_CH1:RNG1_EEGAIN_RD,5.88948985066895e-12
DIAG_MTCA01:PICO5_CH1:RNG1_EEOFST_RD,-4.427583022437176e-10
DIAG_MTCA01:PICO5_CH2:RNG0_EEGAIN_RD,2.2348177475262077e-10
DIAG_MTCA01:PICO5_CH2:RNG0_EEOFST_RD,1.43402978380891e-08
DIAG_MTCA01:PICO5_CH2:RNG1_EEGAIN_RD,5.8924150281303156e-12
DIAG_MTCA01:PICO5_CH2:RNG1_EEOFST_RD,3.8660405432544565e-10
DIAG_MTCA01:PICO5_CH3:RNG0_EEGAIN_RD,2.2339904925949838e-10
DIAG_MTCA01:PICO5_CH3:RNG0_EEOFST_RD,-1.8452110950306633e-08
DIAG_MTCA01:PICO5_CH3:RNG1_EEGAIN_RD,5.8899560576031185e-12
DIAG_MTCA01:PICO5_CH3:RNG1_EEOFST_RD,-4.760836169737104e-10
DIAG_MTCA01:PICO5_CH4:RNG0_EEGAIN_RD,2.2338371430397075e-10
DIAG_MTCA01:PICO5_CH4:RNG0_EEOFST_RD,-2.087611505885434e-08
DIAG_MTCA01:PICO5_CH4:RNG1_EEGAIN_RD,5.8847948215812185e-12
DIAG_MTCA01:PICO5_CH4:RNG1_EEOFST_RD,-5.529937063819546e-10
DIAG_MTCA01:PICO5_CH5:RNG0_EEGAIN_RD,2.2339116667602354e-10
DIAG_MTCA01:PICO5_CH5:RNG0_EEOFST_RD,-1.4997988628806525e-08
DIAG_MTCA01:PICO5_CH5:RNG1_EEGAIN_RD,5.884970462333161e-12
DIAG_MTCA01:PICO5_CH5:RNG1_EEOFST_RD,-3.7904665517451974e-10
DIAG_MTCA01:PICO5_CH6:RNG0_EEGAIN_RD,2.2346473282919277e-10
DIAG_MTCA01:PICO5_CH6:RNG0_EEOFST_RD,1.2930000181654577e-08
DIAG_MTCA01:PICO5_CH6:RNG1_EEGAIN_RD,5.890283920340078e-12
DIAG_MTCA01:PICO5_CH6:RNG1_EEOFST_RD,3.663901959605198e-10
DIAG_MTCA01:PICO5_CH7:RNG0_EEGAIN_RD,2.2342666605723593e-10
DIAG_MTCA01:PICO5_CH7:RNG0_EEOFST_RD,1.1664560872759466e-08
DIAG_MTCA01:PICO5_CH7:RNG1_EEGAIN_RD,5.88462178291449e-12
DIAG_MTCA01:PICO5_CH7:RNG1_EEOFST_RD,3.357281952443003e-10
DIAG_MTCA01:PICO6_CH0:RNG0_EEGAIN_RD,2.234459561822888e-10
DIAG_MTCA01:PICO6_CH0:RNG0_EEOFST_RD,-2.2847043368301456e-08
DIAG_MTCA01:PICO6_CH0:RNG1_EEGAIN_RD,5.889475539200273e-12
DIAG_MTCA01:PICO6_CH0:RNG1_EEOFST_RD,-6.011946496187193e-10
DIAG_MTCA01:PICO6_CH1:RNG0_EEGAIN_RD,2.2344964767384567e-10
DIAG_MTCA01:PICO6_CH1:RNG0_EEOFST_RD,-1.520301751156694e-08
DIAG_MTCA01:PICO6_CH1:RNG1_EEGAIN_RD,5.894190083927109e-12
DIAG_MTCA01:PICO6_CH1:RNG1_EEOFST_RD,-3.900194334161e-10
DIAG_MTCA01:PICO6_CH2:RNG0_EEGAIN_RD,2.2345936212531115e-10
DIAG_MTCA01:PICO6_CH2:RNG0_EEOFST_RD,-1.56269805984266e-08
DIAG_MTCA01:PICO6_CH2:RNG1_EEGAIN_RD,5.89512943668935e-12
DIAG_MTCA01:PICO6_CH2:RNG1_EEOFST_RD,-3.972246698236148e-10
DIAG_MTCA01:PICO6_CH3:RNG0_EEGAIN_RD,2.234765289488294e-10
DIAG_MTCA01:PICO6_CH3:RNG0_EEOFST_RD,-1.520823467160426e-08
DIAG_MTCA01:PICO6_CH3:RNG1_EEGAIN_RD,5.8933951468942425e-12
DIAG_MTCA01:PICO6_CH3:RNG1_EEOFST_RD,-3.8522041112543093e-10
DIAG_MTCA01:PICO6_CH4:RNG0_EEGAIN_RD,2.2344850969524543e-10
DIAG_MTCA01:PICO6_CH4:RNG0_EEOFST_RD,-2.4605656179232938e-08
DIAG_MTCA01:PICO6_CH4:RNG1_EEGAIN_RD,5.890635201843963e-12
DIAG_MTCA01:PICO6_CH4:RNG1_EEOFST_RD,-6.482056003065395e-10
DIAG_MTCA01:PICO6_CH5:RNG0_EEGAIN_RD,2.2350535311410624e-10
DIAG_MTCA01:PICO6_CH5:RNG0_EEOFST_RD,-8.630963499456357e-09
DIAG_MTCA01:PICO6_CH5:RNG1_EEGAIN_RD,5.89058923167185e-12
DIAG_MTCA01:PICO6_CH5:RNG1_EEOFST_RD,-2.2153746892517034e-10
DIAG_MTCA01:PICO6_CH6:RNG0_EEGAIN_RD,2.2342580563439185e-10
DIAG_MTCA01:PICO6_CH6:RNG0_EEOFST_RD,-2.2410679978435155e-09
DIAG_MTCA01:PICO6_CH6:RNG1_EEGAIN_RD,5.890081391374258e-12
DIAG_MTCA01:PICO6_CH6:RNG1_EEOFST_RD,-3.7617714498949795e-11
DIAG_MTCA01:PICO6_CH7:RNG0_EEGAIN_RD,2.2348617401135584e-10
DIAG_MTCA01:PICO6_CH7:RNG0_EEOFST_RD,-2.39634379006759e-09
DIAG_MTCA01:PICO6_CH7:RNG1_EEGAIN_RD,5.896113892261967e-12
DIAG_MTCA01:PICO6_CH7:RNG1_EEOFST_RD,-3.8936579654924586e-11
DIAG_MTCA01:PICO7_CH0:RNG0_EEGAIN_RD,2.2349672113008978e-10
DIAG_MTCA01:PICO7_CH0:RNG0_EEOFST_RD,8.165910614366112e-09
DIAG_MTCA01:PICO7_CH0:RNG1_EEGAIN_RD,5.895067420325084e-12
DIAG_MTCA01:PICO7_CH0:RNG1_EEOFST_RD,2.1521806559121615e-10
DIAG_MTCA01:PICO7_CH1:RNG0_EEGAIN_RD,2.23431065315971e-10
DIAG_MTCA01:PICO7_CH1:RNG0_EEOFST_RD,-1.011669681361127e-08
DIAG_MTCA01:PICO7_CH1:RNG1_EEGAIN_RD,5.8922688776774645e-12
DIAG_MTCA01:PICO7_CH1:RNG1_EEOFST_RD,-2.59267551872e-10
DIAG_MTCA01:PICO7_CH2:RNG0_EEGAIN_RD,2.234390450439605e-10
DIAG_MTCA01:PICO7_CH2:RNG0_EEOFST_RD,3.040618867800049e-09
DIAG_MTCA01:PICO7_CH2:RNG1_EEGAIN_RD,5.895750901374619e-12
DIAG_MTCA01:PICO7_CH2:RNG1_EEOFST_RD,9.042359916389131e-11
DIAG_MTCA01:PICO7_CH3:RNG0_EEGAIN_RD,2.2345969519221853e-10
DIAG_MTCA01:PICO7_CH3:RNG0_EEOFST_RD,-1.8086709019371483e-08
DIAG_MTCA01:PICO7_CH3:RNG1_EEGAIN_RD,5.888132429548998e-12
DIAG_MTCA01:PICO7_CH3:RNG1_EEOFST_RD,-4.52906934178543e-10
DIAG_MTCA01:PICO7_CH4:RNG0_EEGAIN_RD,2.2339825822559334e-10
DIAG_MTCA01:PICO7_CH4:RNG0_EEOFST_RD,-3.1998919070019838e-09
DIAG_MTCA01:PICO7_CH4:RNG1_EEGAIN_RD,5.88740297832735e-12
DIAG_MTCA01:PICO7_CH4:RNG1_EEOFST_RD,-8.417879587829802e-11
DIAG_MTCA01:PICO7_CH5:RNG0_EEGAIN_RD,2.2341829775118782e-10
DIAG_MTCA01:PICO7_CH5:RNG0_EEOFST_RD,-1.168935725992526e-09
DIAG_MTCA01:PICO7_CH5:RNG1_EEGAIN_RD,5.89439651602075e-12
DIAG_MTCA01:PICO7_CH5:RNG1_EEOFST_RD,-2.0991125504465913e-11
DIAG_MTCA01:PICO7_CH6:RNG0_EEGAIN_RD,2.2342781791362398e-10
DIAG_MTCA01:PICO7_CH6:RNG0_EEOFST_RD,-6.7686429794378e-09
DIAG_MTCA01:PICO7_CH6:RNG1_EEGAIN_RD,5.894608585965688e-12
DIAG_MTCA01:PICO7_CH6:RNG1_EEOFST_RD,-1.6624480958515875e-10
DIAG_MTCA01:PICO7_CH7:RNG0_EEGAIN_RD,2.234028240177821e-10
DIAG_MTCA01:PICO7_CH7:RNG0_EEOFST_RD,-2.677820809537934e-08
DIAG_MTCA01:PICO7_CH7:RNG1_EEGAIN_RD,5.887454152669891e-12
DIAG_MTCA01:PICO7_CH7:RNG1_EEOFST_RD,-6.871196944757685e-10
DIAG_MTCA01:PICO8_CH0:RNG0_EEGAIN_RD,1.9327659472878622e-09
DIAG_MTCA01:PICO8_CH0:RNG0_EEOFST_RD,2.026313339342778e-08
DIAG_MTCA01:PICO8_CH0:RNG1_EEGAIN_RD,2.0086170140348747e-12
DIAG_MTCA01:PICO8_CH0:RNG1_EEOFST_RD,3.794291617009726e-11
DIAG_MTCA01:PICO8_CH1:RNG0_EEGAIN_RD,1.9326056310831063e-09
DIAG_MTCA01:PICO8_CH1:RNG0_EEOFST_RD,2.071036497852674e-08
DIAG_MTCA01:PICO8_CH1:RNG1_EEGAIN_RD,2.0093573072782478e-12
DIAG_MTCA01:PICO8_CH1:RNG1_EEOFST_RD,3.664832673444529e-11
DIAG_MTCA01:PICO8_CH2:RNG0_EEGAIN_RD,1.9325550049131834e-09
DIAG_MTCA01:PICO8_CH2:RNG0_EEOFST_RD,-2.8649710159811548e-08
DIAG_MTCA01:PICO8_CH2:RNG1_EEGAIN_RD,2.0084992696789428e-12
DIAG_MTCA01:PICO8_CH2:RNG1_EEOFST_RD,-8.384399945160492e-12
DIAG_MTCA01:PICO8_CH3:RNG0_EEGAIN_RD,1.9327293099280496e-09
DIAG_MTCA01:PICO8_CH3:RNG0_EEOFST_RD,-5.1086445296277816e-08
DIAG_MTCA01:PICO8_CH3:RNG1_EEGAIN_RD,2.008708303857798e-12
DIAG_MTCA01:PICO8_CH3:RNG1_EEOFST_RD,-3.536805223691708e-11
DIAG_MTCA01:PICO8_CH4:RNG0_EEGAIN_RD,1.9321282351825175e-09
DIAG_MTCA01:PICO8_CH4:RNG0_EEOFST_RD,-4.12099048219261e-08
DIAG_MTCA01:PICO8_CH4:RNG1_EEGAIN_RD,2.0080508436604028e-12
DIAG_MTCA01:PICO8_CH4:RNG1_EEOFST_RD,-2.072812407827307e-11
DIAG_MTCA01:PICO8_CH5:RNG0_EEGAIN_RD,1.93228433253978e-09
DIAG_MTCA01:PICO8_CH5:RNG0_EEOFST_RD,1.5832299027351837e-08
DIAG_MTCA01:PICO8_CH5:RNG1_EEGAIN_RD,2.0098128890311262e-12
DIAG_MTCA01:PICO8_CH5:RNG1_EEOFST_RD,1.3217595420944583e-11
DIAG_MTCA01:PICO8_CH6:RNG0_EEGAIN_RD,1.9320864907967916e-09
DIAG_MTCA01:PICO8_CH6:RNG0_EEOFST_RD,-1.9278285634527492e-08
DIAG_MTCA01:PICO8_CH6:RNG1_EEGAIN_RD,2.0088338544693718e-12
DIAG_MTCA01:PICO8_CH6:RNG1_EEOFST_RD,5.687169485346644e-12
DIAG_MTCA01:PICO8_CH7:RNG0_EEGAIN_RD,1.9323600497500593e-09
DIAG_MTCA01:PICO8_CH7:RNG0_EEOFST_RD,2.1314182419018834e-08
DIAG_MTCA01:PICO8_CH7:RNG1_EEGAIN_RD,2.0168599863118475e-12
DIAG_MTCA01:PICO8_CH7:RNG1_EEOFST_RD,3.391505132288586e-11
DIAG_MTCA01:PICO9_CH0:RNG0_EEGAIN_RD,1.932642712532129e-09
DIAG_MTCA01:PICO9_CH0:RNG0_EEOFST_RD,-4.595569080834139e-08
DIAG_MTCA01:PICO9_CH0:RNG1_EEGAIN_RD,2.0086226518861716e-12
DIAG_MTCA01:PICO9_CH0:RNG1_EEOFST_RD,-4.224123481555431e-11
DIAG_MTCA01:PICO9_CH1:RNG0_EEGAIN_RD,1.9328278977326363e-09
DIAG_MTCA01:PICO9_CH1:RNG0_EEOFST_RD,-3.5980423973569486e-08
DIAG_MTCA01:PICO9_CH1:RNG1_EEGAIN_RD,2.0094453444946536e-12
DIAG_MTCA01:PICO9_CH1:RNG1_EEOFST_RD,-1.824262962912826e-11
DIAG_MTCA01:PICO9_CH2:RNG0_EEGAIN_RD,1.932565441009615e-09
DIAG_MTCA01:PICO9_CH2:RNG0_EEOFST_RD,-1.5703937705779936e-08
DIAG_MTCA01:PICO9_CH2:RNG1_EEGAIN_RD,2.00856952597972e-12
DIAG_MTCA01:PICO9_CH2:RNG1_EEOFST_RD,2.9072436732308082e-12
DIAG_MTCA01:PICO9_CH3:RNG0_EEGAIN_RD,1.9324544187071524e-09
DIAG_MTCA01:PICO9_CH3:RNG0_EEOFST_RD,2.173388935489129e-08
DIAG_MTCA01:PICO9_CH3:RNG1_EEGAIN_RD,2.0085844879697e-12
DIAG_MTCA01:PICO9_CH3:RNG1_EEOFST_RD,3.760186606527327e-11
DIAG_MTCA01:PICO9_CH4:RNG0_EEGAIN_RD,1.9328774136795346e-09
DIAG_MTCA01:PICO9_CH4:RNG0_EEOFST_RD,5.52520740271234e-09
DIAG_MTCA01:PICO9_CH4:RNG1_EEGAIN_RD,2.0085497935001806e-12
DIAG_MTCA01:PICO9_CH4:RNG1_EEOFST_RD,2.5627167055120026e-11
DIAG_MTCA01:PICO9_CH5:RNG0_EEGAIN_RD,1.9331389822241363e-09
DIAG_MTCA01:PICO9_CH5:RNG0_EEOFST_RD,1.6147122527954139e-09
DIAG_MTCA01:PICO9_CH5:RNG1_EEGAIN_RD,2.008716543794309e-12
DIAG_MTCA01:PICO9_CH5:RNG1_EEOFST_RD,1.4554255370335945e-11
DIAG_MTCA01:PICO9_CH6:RNG0_EEGAIN_RD,1.932781934499417e-09
DIAG_MTCA01:PICO9_CH6:RNG0_EEOFST_RD,6.198025648274097e-09
DIAG_MTCA01:PICO9_CH6:RNG1_EEGAIN_RD,2.008490596061563e-12
DIAG_MTCA01:PICO9_CH6:RNG1_EEOFST_RD,1.8794712314251782e-11
DIAG_MTCA01:PICO9_CH7:RNG0_EEGAIN_RD,1.932724646991346e-09
DIAG_MTCA01:PICO9_CH7:RNG0_EEOFST_RD,8.972500076254164e-09
DIAG_MTCA01:PICO9_CH7:RNG1_EEGAIN_RD,2.009823731052851e-12
DIAG_MTCA01:PICO9_CH7:RNG1_EEOFST_RD,2.9055922598497652e-11
DIAG_MTCA02:PICO11_CH0:RNG0_EEGAIN_RD,2.494790207752118e-10
DIAG_MTCA02:PICO11_CH0:RNG0_EEOFST_RD,-2.4955399524628774e-08
DIAG_MTCA02:PICO11_CH0:RNG1_EEGAIN_RD,3.220916242052674e-11
DIAG_MTCA02:PICO11_CH0:RNG1_EEOFST_RD,-3.2578324482557264e-09
DIAG_MTCA02:PICO11_CH1:RNG0_EEGAIN_RD,2.494460193958048e-10
DIAG_MTCA02:PICO11_CH1:RNG0_EEOFST_RD,-2.3617600319880694e-08
DIAG_MTCA02:PICO11_CH1:RNG1_EEGAIN_RD,3.220311517448948e-11
DIAG_MTCA02:PICO11_CH1:RNG1_EEOFST_RD,-3.043476581865434e-09
DIAG_MTCA02:PICO11_CH2:RNG0_EEGAIN_RD,2.4946722465557514e-10
DIAG_MTCA02:PICO11_CH2:RNG0_EEOFST_RD,-1.6284991133375115e-08
DIAG_MTCA02:PICO11_CH2:RNG1_EEGAIN_RD,3.2205960120990085e-11
DIAG_MTCA02:PICO11_CH2:RNG1_EEOFST_RD,-2.0430306335583737e-09
DIAG_MTCA02:PICO11_CH3:RNG0_EEGAIN_RD,2.494888462489797e-10
DIAG_MTCA02:PICO11_CH3:RNG0_EEOFST_RD,-6.151454012837121e-09
DIAG_MTCA02:PICO11_CH3:RNG1_EEGAIN_RD,3.2207236877468404e-11
DIAG_MTCA02:PICO11_CH3:RNG1_EEOFST_RD,-6.862531098938973e-10
DIAG_MTCA02:PICO11_CH4:RNG0_EEGAIN_RD,2.494909279171509e-10
DIAG_MTCA02:PICO11_CH4:RNG0_EEOFST_RD,-3.748279553406064e-08
DIAG_MTCA02:PICO11_CH4:RNG1_EEGAIN_RD,3.220897507039133e-11
DIAG_MTCA02:PICO11_CH4:RNG1_EEOFST_RD,-4.850303714221127e-09
DIAG_MTCA02:PICO11_CH5:RNG0_EEGAIN_RD,2.495340878372332e-10
DIAG_MTCA02:PICO11_CH5:RNG0_EEOFST_RD,-1.8367511955830196e-08
DIAG_MTCA02:PICO11_CH5:RNG1_EEGAIN_RD,3.221360331262524e-11
DIAG_MTCA02:PICO11_CH5:RNG1_EEOFST_RD,-2.32703656344313e-09
DIAG_MTCA02:PICO11_CH6:RNG0_EEGAIN_RD,2.495264828095145e-10
DIAG_MTCA02:PICO11_CH6:RNG0_EEOFST_RD,-1.0562438035321975e-08
DIAG_MTCA02:PICO11_CH6:RNG1_EEGAIN_RD,3.221017549903671e-11
DIAG_MTCA02:PICO11_CH6:RNG1_EEOFST_RD,-1.2996596021608298e-09
DIAG_MTCA02:PICO11_CH7:RNG0_EEGAIN_RD,2.495683659731185e-10
DIAG_MTCA02:PICO11_CH7:RNG0_EEOFST_RD,2.2181882997074354e-08
DIAG_MTCA02:PICO11_CH7:RNG1_EEGAIN_RD,3.2215743961394594e-11
DIAG_MTCA02:PICO11_CH7:RNG1_EEOFST_RD,2.9862439188121925e-09
DIAG_MTCA03:PICO3_CH0:RNG0_EEGAIN_RD,2.23369253649075e-10
DIAG_MTCA03:PICO3_CH0:RNG0_EEOFST_RD,-1.2946376415357008e-08
DIAG_MTCA03:PICO3_CH0:RNG1_EEGAIN_RD,5.880070302194396e-12
DIAG_MTCA03:PICO3_CH0:RNG1_EEOFST_RD,-3.430224160272388e-10
DIAG_MTCA03:PICO3_CH1:RNG0_EEGAIN_RD,2.2336210658835398e-10
DIAG_MTCA03:PICO3_CH1:RNG0_EEOFST_RD,-4.1077474755013554e-09
DIAG_MTCA03:PICO3_CH1:RNG1_EEGAIN_RD,5.887246419533643e-12
DIAG_MTCA03:PICO3_CH1:RNG1_EEOFST_RD,-1.089736981207956e-10
DIAG_MTCA03:PICO3_CH2:RNG0_EEGAIN_RD,2.2338464411575387e-10
DIAG_MTCA03:PICO3_CH2:RNG0_EEOFST_RD,-2.1215322831835692e-08
DIAG_MTCA03:PICO3_CH2:RNG1_EEGAIN_RD,5.8865121978224355e-12
DIAG_MTCA03:PICO3_CH2:RNG1_EEOFST_RD,-5.463112184855845e-10
DIAG_MTCA03:PICO3_CH3:RNG0_EEGAIN_RD,2.2338446370451237e-10
DIAG_MTCA03:PICO3_CH3:RNG0_EEOFST_RD,6.899115501113329e-09
DIAG_MTCA03:PICO3_CH3:RNG1_EEGAIN_RD,5.8844938470581365e-12
DIAG_MTCA03:PICO3_CH3:RNG1_EEOFST_RD,1.9793312822091735e-10
DIAG_MTCA03:PICO3_CH4:RNG0_EEGAIN_RD,2.2342930283691942e-10
DIAG_MTCA03:PICO3_CH4:RNG0_EEOFST_RD,-1.9151803698491676e-08
DIAG_MTCA03:PICO3_CH4:RNG1_EEGAIN_RD,5.885948846373612e-12
DIAG_MTCA03:PICO3_CH4:RNG1_EEOFST_RD,-5.133231617548972e-10
DIAG_MTCA03:PICO3_CH5:RNG0_EEGAIN_RD,2.234671059309079e-10
DIAG_MTCA03:PICO3_CH5:RNG0_EEOFST_RD,-1.251850445527225e-08
DIAG_MTCA03:PICO3_CH5:RNG1_EEGAIN_RD,5.8808322794812184e-12
DIAG_MTCA03:PICO3_CH5:RNG1_EEOFST_RD,-3.194215725255134e-10
DIAG_MTCA03:PICO3_CH6:RNG0_EEGAIN_RD,2.234774032494613e-10
DIAG_MTCA03:PICO3_CH6:RNG0_EEOFST_RD,-8.544242646735256e-09
DIAG_MTCA03:PICO3_CH6:RNG1_EEGAIN_RD,5.8758969911920644e-12
DIAG_MTCA03:PICO3_CH6:RNG1_EEOFST_RD,-2.1113438775088866e-10
DIAG_MTCA03:PICO3_CH7:RNG0_EEGAIN_RD,2.2348516093284587e-10
DIAG_MTCA03:PICO3_CH7:RNG0_EEOFST_RD,-1.9510931537070064e-08
DIAG_MTCA03:PICO3_CH7:RNG1_EEGAIN_RD,5.882521032785082e-12
DIAG_MTCA03:PICO3_CH7:RNG1_EEOFST_RD,-4.944415987750972e-10
DIAG_MTCA03:PICO4_CH0:RNG0_EEGAIN_RD,2.2359906981517241e-10
DIAG_MTCA03:PICO4_CH0:RNG0_EEOFST_RD,4.396051522803646e-09
DIAG_MTCA03:PICO4_CH0:RNG1_EEGAIN_RD,5.895776922226759e-12
DIAG_MTCA03:PICO4_CH0:RNG1_EEOFST_RD,1.1510578601381383e-10
DIAG_MTCA03:PICO4_CH1:RNG0_EEGAIN_RD,2.2356634599152159e-10
DIAG_MTCA03:PICO4_CH1:RNG0_EEOFST_RD,-1.3354457983894008e-08
DIAG_MTCA03:PICO4_CH1:RNG1_EEGAIN_RD,5.895350613932537e-12
DIAG_MTCA03:PICO4_CH1:RNG1_EEOFST_RD,-3.398055170578118e-10
DIAG_MTCA03:PICO4_CH2:RNG0_EEGAIN_RD,2.2348491113266533e-10
DIAG_MTCA03:PICO4_CH2:RNG0_EEOFST_RD,-1.3509428242741706e-08
DIAG_MTCA03:PICO4_CH2:RNG1_EEGAIN_RD,5.8950418331538135e-12
DIAG_MTCA03:PICO4_CH2:RNG1_EEOFST_RD,-3.235114676147788e-10
DIAG_MTCA03:PICO4_CH3:RNG0_EEGAIN_RD,2.2342688810184086e-10
DIAG_MTCA03:PICO4_CH3:RNG0_EEOFST_RD,-2.1218695689384504e-09
DIAG_MTCA03:PICO4_CH3:RNG1_EEGAIN_RD,5.894177940862777e-12
DIAG_MTCA03:PICO4_CH3:RNG1_EEOFST_RD,-2.0971838848860003e-11
DIAG_MTCA03:PICO4_CH4:RNG0_EEGAIN_RD,2.2350536699189405e-10
DIAG_MTCA03:PICO4_CH4:RNG0_EEOFST_RD,1.573025265599881e-08
DIAG_MTCA03:PICO4_CH4:RNG1_EEGAIN_RD,5.8944390167459115e-12
DIAG_MTCA03:PICO4_CH4:RNG1_EEOFST_RD,4.1811953899184573e-10
DIAG_MTCA03:PICO4_CH5:RNG0_EEGAIN_RD,2.2343391026247161e-10
DIAG_MTCA03:PICO4_CH5:RNG0_EEOFST_RD,1.3279331412263673e-08
DIAG_MTCA03:PICO4_CH5:RNG1_EEGAIN_RD,5.89218908039757e-12
DIAG_MTCA03:PICO4_CH5:RNG1_EEOFST_RD,3.6610114939605864e-10
DIAG_MTCA03:PICO4_CH6:RNG0_EEGAIN_RD,2.2344164019028057e-10
DIAG_MTCA03:PICO4_CH6:RNG0_EEOFST_RD,-1.8854537486845402e-08
DIAG_MTCA03:PICO4_CH6:RNG1_EEGAIN_RD,5.892812713487183e-12
DIAG_MTCA03:PICO4_CH6:RNG1_EEOFST_RD,-4.629624739127536e-10
DIAG_MTCA03:PICO4_CH7:RNG0_EEGAIN_RD,2.233567913956236e-10
DIAG_MTCA03:PICO4_CH7:RNG0_EEOFST_RD,-1.4434629491688611e-08
DIAG_MTCA03:PICO4_CH7:RNG1_EEGAIN_RD,5.89091709440881e-12
DIAG_MTCA03:PICO4_CH7:RNG1_EEOFST_RD,-3.465038533878584e-10
DIAG_MTCA04:PICO3_CH0:RNG0_EEGAIN_RD,2.2344333328039312e-10
DIAG_MTCA04:PICO3_CH0:RNG0_EEOFST_RD,-1.2631214296732196e-08
DIAG_MTCA04:PICO3_CH0:RNG1_EEGAIN_RD,5.881990207401433e-12
DIAG_MTCA04:PICO3_CH0:RNG1_EEOFST_RD,-3.222837829941483e-10
DIAG_MTCA04:PICO3_CH1:RNG0_EEGAIN_RD,2.2342118433105185e-10
DIAG_MTCA04:PICO3_CH1:RNG0_EEOFST_RD,1.6020952342543637e-09
DIAG_MTCA04:PICO3_CH1:RNG1_EEGAIN_RD,5.88161637449236e-12
DIAG_MTCA04:PICO3_CH1:RNG1_EEOFST_RD,6.185025408500522e-11
DIAG_MTCA04:PICO3_CH2:RNG0_EEGAIN_RD,2.234152446378701e-10
DIAG_MTCA04:PICO3_CH2:RNG0_EEOFST_RD,1.1444852177078246e-08
DIAG_MTCA04:PICO3_CH2:RNG1_EEGAIN_RD,5.8821758228133625e-12
DIAG_MTCA04:PICO3_CH2:RNG1_EEOFST_RD,3.280145322026584e-10
DIAG_MTCA04:PICO3_CH3:RNG0_EEGAIN_RD,2.2344055772283156e-10
DIAG_MTCA04:PICO3_CH3:RNG0_EEOFST_RD,-2.968901569033733e-09
DIAG_MTCA04:PICO3_CH3:RNG1_EEGAIN_RD,5.8834534466534194e-12
DIAG_MTCA04:PICO3_CH3:RNG1_EEOFST_RD,-3.74336499298078e-11
DIAG_MTCA04:PICO3_CH4:RNG0_EEGAIN_RD,2.2347095007813067e-10
DIAG_MTCA04:PICO3_CH4:RNG0_EEOFST_RD,-1.244513914144818e-08
DIAG_MTCA04:PICO3_CH4:RNG1_EEGAIN_RD,5.8836299547671e-12
DIAG_MTCA04:PICO3_CH4:RNG1_EEOFST_RD,-3.206222787266455e-10
DIAG_MTCA04:PICO3_CH5:RNG0_EEGAIN_RD,2.2349606887406281e-10
DIAG_MTCA04:PICO3_CH5:RNG0_EEOFST_RD,-1.830979989847492e-08
DIAG_MTCA04:PICO3_CH5:RNG1_EEGAIN_RD,5.8827695319230155e-12
DIAG_MTCA04:PICO3_CH5:RNG1_EEOFST_RD,-4.5951661920007325e-10
DIAG_MTCA04:PICO3_CH6:RNG0_EEGAIN_RD,2.2350322981257165e-10
DIAG_MTCA04:PICO3_CH6:RNG0_EEOFST_RD,-1.3139437982090385e-08
DIAG_MTCA04:PICO3_CH6:RNG1_EEGAIN_RD,5.886256326109729e-12
DIAG_MTCA04:PICO3_CH6:RNG1_EEOFST_RD,-3.23012477876361e-10
DIAG_MTCA04:PICO3_CH7:RNG0_EEGAIN_RD,2.2349155859302527e-10
DIAG_MTCA04:PICO3_CH7:RNG0_EEOFST_RD,9.589262717213387e-10
DIAG_MTCA04:PICO3_CH7:RNG1_EEGAIN_RD,5.885043320719152e-12
DIAG_MTCA04:PICO3_CH7:RNG1_EEOFST_RD,6.211698516667141e-11
DIAG_MTCA04:PICO4_CH0:RNG0_EEGAIN_RD,2.495177953143468e-10
DIAG_MTCA04:PICO4_CH0:RNG0_EEOFST_RD,6.283835229936585e-09
DIAG_MTCA04:PICO4_CH0:RNG1_EEGAIN_RD,3.219254376962688e-11
DIAG_MTCA04:PICO4_CH0:RNG1_EEOFST_RD,7.592842465875549e-10
DIAG_MTCA04:PICO4_CH1:RNG0_EEGAIN_RD,2.495017803472166e-10
DIAG_MTCA04:PICO4_CH1:RNG0_EEOFST_RD,9.460006111794428e-09
DIAG_MTCA04:PICO4_CH1:RNG1_EEGAIN_RD,3.2193032961647106e-11
DIAG_MTCA04:PICO4_CH1:RNG1_EEOFST_RD,1.285457185140615e-09
DIAG_MTCA04:PICO4_CH2:RNG0_EEGAIN_RD,2.494298378952209e-10
DIAG_MTCA04:PICO4_CH2:RNG0_EEOFST_RD,-2.1734873456580317e-08
DIAG_MTCA04:PICO4_CH2:RNG1_EEGAIN_RD,3.2184171994131816e-11
DIAG_MTCA04:PICO4_CH2:RNG1_EEOFST_RD,-2.75200062738179e-09
DIAG_MTCA04:PICO4_CH3:RNG0_EEGAIN_RD,2.49492509984961e-10
DIAG_MTCA04:PICO4_CH3:RNG0_EEOFST_RD,-1.043023445390645e-08
DIAG_MTCA04:PICO4_CH3:RNG1_EEGAIN_RD,3.219516667152256e-11
DIAG_MTCA04:PICO4_CH3:RNG1_EEOFST_RD,-1.2614408406719235e-09
DIAG_MTCA04:PICO4_CH4:RNG0_EEGAIN_RD,2.494898454497019e-10
DIAG_MTCA04:PICO4_CH4:RNG0_EEOFST_RD,7.720276862244191e-09
DIAG_MTCA04:PICO4_CH4:RNG1_EEGAIN_RD,3.2190104748419657e-11
DIAG_MTCA04:PICO4_CH4:RNG1_EEOFST_RD,1.0115832616008902e-09
DIAG_MTCA04:PICO4_CH5:RNG0_EEGAIN_RD,2.4944998844311783e-10
DIAG_MTCA04:PICO4_CH5:RNG0_EEOFST_RD,6.124744267310689e-09
DIAG_MTCA04:PICO4_CH5:RNG1_EEGAIN_RD,3.2186250192856036e-11
DIAG_MTCA04:PICO4_CH5:RNG1_EEOFST_RD,8.62638571685892e-10
DIAG_MTCA04:PICO4_CH6:RNG0_EEGAIN_RD,2.494753015280793e-10
DIAG_MTCA04:PICO4_CH6:RNG0_EEOFST_RD,1.6779907241470937e-08
DIAG_MTCA04:PICO4_CH6:RNG1_EEGAIN_RD,3.218572630636629e-11
DIAG_MTCA04:PICO4_CH6:RNG1_EEOFST_RD,2.2295203461197843e-09
DIAG_MTCA04:PICO4_CH7:RNG0_EEGAIN_RD,2.494412454367989e-10
DIAG_MTCA04:PICO4_CH7:RNG0_EEOFST_RD,2.0137858047775126e-09
DIAG_MTCA04:PICO4_CH7:RNG1_EEGAIN_RD,3.218379382441405e-11
DIAG_MTCA04:PICO4_CH7:RNG1_EEOFST_RD,6.169633554042875e-11
DIAG_MTCA06:PICO3_CH0:RNG0_EEGAIN_RD,2.2346464956246592e-10
DIAG_MTCA06:PICO3_CH0:RNG0_EEOFST_RD,-2.793078213159106e-09
DIAG_MTCA06:PICO3_CH0:RNG1_EEGAIN_RD,5.88632484768703e-12
DIAG_MTCA06:PICO3_CH0:RNG1_EEOFST_RD,-7.492853559831758e-11
DIAG_MTCA06:PICO3_CH1:RNG0_EEGAIN_RD,2.2344215366842946e-10
DIAG_MTCA06:PICO3_CH1:RNG0_EEOFST_RD,2.5317206109320978e-09
DIAG_MTCA06:PICO3_CH1:RNG1_EEGAIN_RD,5.88700182352353e-12
DIAG_MTCA06:PICO3_CH1:RNG1_EEOFST_RD,8.263445483436271e-11
DIAG_MTCA06:PICO3_CH2:RNG0_EEGAIN_RD,2.2345460204409306e-10
DIAG_MTCA06:PICO3_CH2:RNG0_EEOFST_RD,-8.470841805774398e-09
DIAG_MTCA06:PICO3_CH2:RNG1_EEGAIN_RD,5.888434705114687e-12
DIAG_MTCA06:PICO3_CH2:RNG1_EEOFST_RD,-1.9562608477574628e-10
DIAG_MTCA06:PICO3_CH3:RNG0_EEGAIN_RD,2.2345848782467925e-10
DIAG_MTCA06:PICO3_CH3:RNG0_EEOFST_RD,1.0499148217490983e-08
DIAG_MTCA06:PICO3_CH3:RNG1_EEGAIN_RD,5.8863625779226325e-12
DIAG_MTCA06:PICO3_CH3:RNG1_EEOFST_RD,2.912984298220067e-10
DIAG_MTCA06:PICO3_CH4:RNG0_EEGAIN_RD,2.234085000329955e-10
DIAG_MTCA06:PICO3_CH4:RNG0_EEOFST_RD,1.0731028510235774e-08
DIAG_MTCA06:PICO3_CH4:RNG1_EEGAIN_RD,5.89523308641704e-12
DIAG_MTCA06:PICO3_CH4:RNG1_EEOFST_RD,2.907318830125405e-10
DIAG_MTCA06:PICO3_CH5:RNG0_EEGAIN_RD,2.2341070660125695e-10
DIAG_MTCA06:PICO3_CH5:RNG0_EEOFST_RD,-9.321969862696733e-09
DIAG_MTCA06:PICO3_CH5:RNG1_EEGAIN_RD,5.888777746682061e-12
DIAG_MTCA06:PICO3_CH5:RNG1_EEOFST_RD,-2.1976263864242895e-10
DIAG_MTCA06:PICO3_CH6:RNG0_EEGAIN_RD,2.2338997318627207e-10
DIAG_MTCA06:PICO3_CH6:RNG0_EEOFST_RD,-2.113245400892083e-08
DIAG_MTCA06:PICO3_CH6:RNG1_EEGAIN_RD,5.888030514544784e-12
DIAG_MTCA06:PICO3_CH6:RNG1_EEOFST_RD,-5.330648700230256e-10
DIAG_MTCA06:PICO3_CH7:RNG0_EEGAIN_RD,2.2341536953796037e-10
DIAG_MTCA06:PICO3_CH7:RNG0_EEOFST_RD,-1.0432206209998185e-08
DIAG_MTCA06:PICO3_CH7:RNG1_EEGAIN_RD,5.886414185946043e-12
DIAG_MTCA06:PICO3_CH7:RNG1_EEOFST_RD,-2.469608406663326e-10
DIAG_MTCA07:PICO8_CH0:RNG0_EEGAIN_RD,2.233955104236074e-10
DIAG_MTCA07:PICO8_CH0:RNG0_EEOFST_RD,1.9718839894267148e-08
DIAG_MTCA07:PICO8_CH0:RNG1_EEGAIN_RD,5.8877160959147634e-12
DIAG_MTCA07:PICO8_CH0:RNG1_EEOFST_RD,5.191018170869199e-10
DIAG_MTCA07:PICO8_CH1:RNG0_EEGAIN_RD,2.2334414873093067e-10
DIAG_MTCA07:PICO8_CH1:RNG0_EEOFST_RD,-2.804377530196689e-08
DIAG_MTCA07:PICO8_CH1:RNG1_EEGAIN_RD,5.883879754947641e-12
DIAG_MTCA07:PICO8_CH1:RNG1_EEOFST_RD,-7.167478277558814e-10
DIAG_MTCA07:PICO8_CH2:RNG0_EEGAIN_RD,2.2338395022636348e-10
DIAG_MTCA07:PICO8_CH2:RNG0_EEOFST_RD,-8.787885974470555e-09
DIAG_MTCA07:PICO8_CH2:RNG1_EEGAIN_RD,5.885804430644237e-12
DIAG_MTCA07:PICO8_CH2:RNG1_EEOFST_RD,-2.0930732147483866e-10
DIAG_MTCA07:PICO8_CH3:RNG0_EEGAIN_RD,2.234321061500566e-10
DIAG_MTCA07:PICO8_CH3:RNG0_EEOFST_RD,1.0708865794128997e-08
DIAG_MTCA07:PICO8_CH3:RNG1_EEGAIN_RD,5.8867407476403955e-12
DIAG_MTCA07:PICO8_CH3:RNG1_EEOFST_RD,2.9547705948651526e-10
DIAG_MTCA07:PICO8_CH4:RNG0_EEGAIN_RD,2.2344198713497576e-10
DIAG_MTCA07:PICO8_CH4:RNG0_EEOFST_RD,1.781099889797133e-08
DIAG_MTCA07:PICO8_CH4:RNG1_EEGAIN_RD,5.895226581204005e-12
DIAG_MTCA07:PICO8_CH4:RNG1_EEOFST_RD,4.71197025841974e-10
DIAG_MTCA07:PICO8_CH5:RNG0_EEGAIN_RD,2.2345178485316808e-10
DIAG_MTCA07:PICO8_CH5:RNG0_EEOFST_RD,2.2027899504450943e-09
DIAG_MTCA07:PICO8_CH5:RNG1_EEGAIN_RD,5.888789022384655e-12
DIAG_MTCA07:PICO8_CH5:RNG1_EEOFST_RD,7.618514846763347e-11
DIAG_MTCA07:PICO8_CH6:RNG0_EEGAIN_RD,2.2342738770220194e-10
DIAG_MTCA07:PICO8_CH6:RNG0_EEOFST_RD,-6.487117953923871e-09
DIAG_MTCA07:PICO8_CH6:RNG1_EEGAIN_RD,5.890232312316668e-12
DIAG_MTCA07:PICO8_CH6:RNG1_EEOFST_RD,-1.510558900186254e-10
DIAG_MTCA07:PICO8_CH7:RNG0_EEGAIN_RD,2.234328416728104e-10
DIAG_MTCA07:PICO8_CH7:RNG0_EEOFST_RD,-2.107694996311693e-08
DIAG_MTCA07:PICO8_CH7:RNG1_EEGAIN_RD,5.893487954600207e-12
DIAG_MTCA07:PICO8_CH7:RNG1_EEOFST_RD,-5.295996419185656e-10
DIAG_MTCA09:PICO3_CH0:RNG0_EEGAIN_RD,2.2354651463274422e-10
DIAG_MTCA09:PICO3_CH0:RNG0_EEOFST_RD,1.2531203630317123e-08
DIAG_MTCA09:PICO3_CH0:RNG1_EEGAIN_RD,5.889265203978811e-12
DIAG_MTCA09:PICO3_CH0:RNG1_EEOFST_RD,3.3987890279973954e-10
DIAG_MTCA09:PICO3_CH1:RNG0_EEGAIN_RD,2.235145124540594e-10
DIAG_MTCA09:PICO3_CH1:RNG0_EEOFST_RD,-1.0141182116285563e-08
DIAG_MTCA09:PICO3_CH1:RNG1_EEGAIN_RD,5.889707124784316e-12
DIAG_MTCA09:PICO3_CH1:RNG1_EEOFST_RD,-2.566853951613268e-10
DIAG_MTCA09:PICO3_CH2:RNG0_EEGAIN_RD,2.235402557504429e-10
DIAG_MTCA09:PICO3_CH2:RNG0_EEOFST_RD,-9.371254466872259e-11
DIAG_MTCA09:PICO3_CH2:RNG1_EEGAIN_RD,5.891920631939662e-12
DIAG_MTCA09:PICO3_CH2:RNG1_EEOFST_RD,1.3088960471030475e-11
DIAG_MTCA09:PICO3_CH3:RNG0_EEGAIN_RD,2.2353047191003839e-10
DIAG_MTCA09:PICO3_CH3:RNG0_EEOFST_RD,-2.5834265837687553e-09
DIAG_MTCA09:PICO3_CH3:RNG1_EEGAIN_RD,5.889551433352347e-12
DIAG_MTCA09:PICO3_CH3:RNG1_EEOFST_RD,-5.964778670985993e-11
DIAG_MTCA09:PICO3_CH4:RNG0_EEGAIN_RD,2.2340361505168715e-10
DIAG_MTCA09:PICO3_CH4:RNG0_EEOFST_RD,1.3296704182153007e-08
DIAG_MTCA09:PICO3_CH4:RNG1_EEGAIN_RD,5.886827483814194e-12
DIAG_MTCA09:PICO3_CH4:RNG1_EEOFST_RD,3.552219907110299e-10
DIAG_MTCA09:PICO3_CH5:RNG0_EEGAIN_RD,2.2340623795358283e-10
DIAG_MTCA09:PICO3_CH5:RNG0_EEOFST_RD,-1.9521653626952684e-08
DIAG_MTCA09:PICO3_CH5:RNG1_EEGAIN_RD,5.886503090524187e-12
DIAG_MTCA09:PICO3_CH5:RNG1_EEOFST_RD,-5.016625448384104e-10
DIAG_MTCA09:PICO3_CH6:RNG0_EEGAIN_RD,2.233798840345358e-10
DIAG_MTCA09:PICO3_CH6:RNG0_EEOFST_RD,-2.3582625630069742e-08
DIAG_MTCA09:PICO3_CH6:RNG1_EEGAIN_RD,5.886533014504147e-12
DIAG_MTCA09:PICO3_CH6:RNG1_EEOFST_RD,-5.981938833166112e-10
DIAG_MTCA09:PICO3_CH7:RNG0_EEGAIN_RD,2.2339398386694853e-10
DIAG_MTCA09:PICO3_CH7:RNG0_EEOFST_RD,-5.896861665632969e-09
DIAG_MTCA09:PICO3_CH7:RNG1_EEGAIN_RD,5.885355137263959e-12
DIAG_MTCA09:PICO3_CH7:RNG1_EEOFST_RD,-1.339320182536241e-10
DIAG_MTCA09:PICO4_CH0:RNG0_EEGAIN_RD,2.2338886296324745e-10
DIAG_MTCA09:PICO4_CH0:RNG0_EEOFST_RD,-1.735582522144341e-08
DIAG_MTCA09:PICO4_CH0:RNG1_EEGAIN_RD,5.885857339710254e-12
DIAG_MTCA09:PICO4_CH0:RNG1_EEOFST_RD,-4.517712315355027e-10
DIAG_MTCA09:PICO4_CH1:RNG0_EEGAIN_RD,2.2345744699059367e-10
DIAG_MTCA09:PICO4_CH1:RNG0_EEOFST_RD,-1.964280293975662e-08
DIAG_MTCA09:PICO4_CH1:RNG1_EEGAIN_RD,5.893724744354678e-12
DIAG_MTCA09:PICO4_CH1:RNG1_EEOFST_RD,-5.005511005684582e-10
DIAG_MTCA09:PICO4_CH2:RNG0_EEGAIN_RD,2.2344129324558537e-10
DIAG_MTCA09:PICO4_CH2:RNG0_EEOFST_RD,-5.755854459721377e-09
DIAG_MTCA09:PICO4_CH2:RNG1_EEGAIN_RD,5.8872819813649e-12
DIAG_MTCA09:PICO4_CH2:RNG1_EEOFST_RD,-1.3806659981963065e-10
DIAG_MTCA09:PICO4_CH3:RNG0_EEGAIN_RD,2.234665785749712e-10
DIAG_MTCA09:PICO4_CH3:RNG0_EEOFST_RD,-2.628038942020794e-08
DIAG_MTCA09:PICO4_CH3:RNG1_EEGAIN_RD,5.894545702239684e-12
DIAG_MTCA09:PICO4_CH3:RNG1_EEOFST_RD,-6.801033625158937e-10
DIAG_MTCA09:PICO4_CH4:RNG0_EEGAIN_RD,2.2351652473329153e-10
DIAG_MTCA09:PICO4_CH4:RNG0_EEOFST_RD,3.35915508742346e-08
DIAG_MTCA09:PICO4_CH4:RNG1_EEGAIN_RD,5.891956627451789e-12
DIAG_MTCA09:PICO4_CH4:RNG1_EEOFST_RD,8.877844015486858e-10
DIAG_MTCA09:PICO4_CH5:RNG0_EEGAIN_RD,2.2360643892049836e-10
DIAG_MTCA09:PICO4_CH5:RNG0_EEOFST_RD,1.820484030190528e-08
DIAG_MTCA09:PICO4_CH5:RNG1_EEGAIN_RD,5.894798538186308e-12
DIAG_MTCA09:PICO4_CH5:RNG1_EEOFST_RD,4.958192190152033e-10
DIAG_MTCA09:PICO4_CH6:RNG0_EEGAIN_RD,2.2341811733994632e-10
DIAG_MTCA09:PICO4_CH6:RNG0_EEOFST_RD,8.376771498674884e-10
DIAG_MTCA09:PICO4_CH6:RNG1_EEGAIN_RD,5.893260705824854e-12
DIAG_MTCA09:PICO4_CH6:RNG1_EEOFST_RD,5.092696403474761e-11
DIAG_MTCA09:PICO4_CH7:RNG0_EEGAIN_RD,2.234754603591682e-10
DIAG_MTCA09:PICO4_CH7:RNG0_EEOFST_RD,5.035858841040408e-09
DIAG_MTCA09:PICO4_CH7:RNG1_EEGAIN_RD,5.886307934133139e-12
DIAG_MTCA09:PICO4_CH7:RNG1_EEOFST_RD,1.6001987235281234e-10
DIAG_MTCA09:PICO5_CH0:RNG0_EEGAIN_RD,2.2351605288850607e-10
DIAG_MTCA09:PICO5_CH0:RNG0_EEOFST_RD,-1.5965119004590633e-08
DIAG_MTCA09:PICO5_CH0:RNG1_EEGAIN_RD,5.894648484605636e-12
DIAG_MTCA09:PICO5_CH0:RNG1_EEOFST_RD,-4.2551639989341083e-10
DIAG_MTCA09:PICO5_CH1:RNG0_EEGAIN_RD,2.2351970274669952e-10
DIAG_MTCA09:PICO5_CH1:RNG0_EEOFST_RD,1.022581219700669e-08
DIAG_MTCA09:PICO5_CH1:RNG1_EEGAIN_RD,5.891759736337265e-12
DIAG_MTCA09:PICO5_CH1:RNG1_EEOFST_RD,2.718971159332284e-10
DIAG_MTCA09:PICO5_CH2:RNG0_EEGAIN_RD,2.2346732797551283e-10
DIAG_MTCA09:PICO5_CH2:RNG0_EEOFST_RD,-7.89887710794801e-09
DIAG_MTCA09:PICO5_CH2:RNG1_EEGAIN_RD,5.8918976468536055e-12
DIAG_MTCA09:PICO5_CH2:RNG1_EEOFST_RD,-2.021966621912341e-10
DIAG_MTCA09:PICO5_CH3:RNG0_EEGAIN_RD,2.235310131437629e-10
DIAG_MTCA09:PICO5_CH3:RNG0_EEOFST_RD,1.1226905627381711e-08
DIAG_MTCA09:PICO5_CH3:RNG1_EEGAIN_RD,5.8914487871541965e-12
DIAG_MTCA09:PICO5_CH3:RNG1_EEOFST_RD,3.0983507426363133e-10
DIAG_MTCA09:PICO5_CH4:RNG0_EEGAIN_RD,2.2342991345958296e-10
DIAG_MTCA09:PICO5_CH4:RNG0_EEOFST_RD,-9.223886543452409e-09
DIAG_MTCA09:PICO5_CH4:RNG1_EEGAIN_RD,5.887007895055696e-12
DIAG_MTCA09:PICO5_CH4:RNG1_EEOFST_RD,-2.418655276059667e-10
DIAG_MTCA09:PICO5_CH5:RNG0_EEGAIN_RD,2.2342667993502374e-10
DIAG_MTCA09:PICO5_CH5:RNG0_EEOFST_RD,-1.3791451536349086e-08
DIAG_MTCA09:PICO5_CH5:RNG1_EEGAIN_RD,5.887998855841348e-12
DIAG_MTCA09:PICO5_CH5:RNG1_EEOFST_RD,-3.572474260860048e-10
DIAG_MTCA09:PICO5_CH6:RNG0_EEGAIN_RD,2.234038787296555e-10
DIAG_MTCA09:PICO5_CH6:RNG0_EEOFST_RD,-3.112982938091591e-08
DIAG_MTCA09:PICO5_CH6:RNG1_EEGAIN_RD,5.878974824319316e-12
DIAG_MTCA09:PICO5_CH6:RNG1_EEOFST_RD,-8.098534620692988e-10
DIAG_MTCA09:PICO5_CH7:RNG0_EEGAIN_RD,2.234473717166452e-10
DIAG_MTCA09:PICO5_CH7:RNG0_EEOFST_RD,-1.2787569225736206e-08
DIAG_MTCA09:PICO5_CH7:RNG1_EEGAIN_RD,5.8901815716549955e-12
DIAG_MTCA09:PICO5_CH7:RNG1_EEOFST_RD,-3.2217573053827664e-10
DIAG_MTCA09:PICO6_CH0:RNG0_EEGAIN_RD,2.2353661977003725e-10
DIAG_MTCA09:PICO6_CH0:RNG0_EEOFST_RD,-3.6927378932460897e-09
DIAG_MTCA09:PICO6_CH0:RNG1_EEGAIN_RD,5.887048661057381e-12
DIAG_MTCA09:PICO6_CH0:RNG1_EEOFST_RD,-9.640795106680144e-11
DIAG_MTCA09:PICO6_CH1:RNG0_EEGAIN_RD,2.2352177053708289e-10
DIAG_MTCA09:PICO6_CH1:RNG0_EEOFST_RD,-6.580619604790172e-09
DIAG_MTCA09:PICO6_CH1:RNG1_EEGAIN_RD,5.894628101604793e-12
DIAG_MTCA09:PICO6_CH1:RNG1_EEOFST_RD,-1.7154187792467468e-10
DIAG_MTCA09:PICO6_CH2:RNG0_EEGAIN_RD,2.2350797601600192e-10
DIAG_MTCA09:PICO6_CH2:RNG0_EEOFST_RD,7.51266215903712e-10
DIAG_MTCA09:PICO6_CH2:RNG1_EEGAIN_RD,5.886477503352916e-12
DIAG_MTCA09:PICO6_CH2:RNG1_EEOFST_RD,2.3870136769965633e-11
DIAG_MTCA09:PICO6_CH3:RNG0_EEGAIN_RD,2.2347197703442845e-10
DIAG_MTCA09:PICO6_CH3:RNG0_EEOFST_RD,-1.4062740305575971e-08
DIAG_MTCA09:PICO6_CH3:RNG1_EEGAIN_RD,5.88376352847475e-12
DIAG_MTCA09:PICO6_CH3:RNG1_EEOFST_RD,-3.684016147698088e-10
DIAG_MTCA09:PICO6_CH4:RNG0_EEGAIN_RD,2.2339703698026625e-10
DIAG_MTCA09:PICO6_CH4:RNG0_EEOFST_RD,-1.2691335982140117e-08
DIAG_MTCA09:PICO6_CH4:RNG1_EEGAIN_RD,5.886541688121527e-12
DIAG_MTCA09:PICO6_CH4:RNG1_EEOFST_RD,-3.3039498914533283e-10
DIAG_MTCA09:PICO6_CH5:RNG0_EEGAIN_RD,2.2341944960757587e-10
DIAG_MTCA09:PICO6_CH5:RNG0_EEOFST_RD,9.74060565539503e-09
DIAG_MTCA09:PICO6_CH5:RNG1_EEGAIN_RD,5.8886021059301186e-12
DIAG_MTCA09:PICO6_CH5:RNG1_EEOFST_RD,2.639602425524856e-10
DIAG_MTCA09:PICO6_CH6:RNG0_EEGAIN_RD,2.2340268523990403e-10
DIAG_MTCA09:PICO6_CH6:RNG0_EEOFST_RD,5.82604009480292e-09
DIAG_MTCA09:PICO6_CH6:RNG1_EEGAIN_RD,5.885006457845288e-12
DIAG_MTCA09:PICO6_CH6:RNG1_EEOFST_RD,1.6227781618471937e-10
DIAG_MTCA09:PICO6_CH7:RNG0_EEGAIN_RD,2.2340461425240932e-10
DIAG_MTCA09:PICO6_CH7:RNG0_EEOFST_RD,1.227304591289169e-09
DIAG_MTCA09:PICO6_CH7:RNG1_EEGAIN_RD,5.886522172482422e-12
DIAG_MTCA09:PICO6_CH7:RNG1_EEOFST_RD,3.9551188713016217e-11
DIAG_MTCA09:PICO7_CH0:RNG0_EEGAIN_RD,2.2343517314116212e-10
DIAG_MTCA09:PICO7_CH0:RNG0_EEOFST_RD,-6.358198856304398e-09
DIAG_MTCA09:PICO7_CH0:RNG1_EEGAIN_RD,5.897822594885804e-12
DIAG_MTCA09:PICO7_CH0:RNG1_EEOFST_RD,-1.6411723369191833e-10
DIAG_MTCA09:PICO7_CH1:RNG0_EEGAIN_RD,2.2346936801032058e-10
DIAG_MTCA09:PICO7_CH1:RNG0_EEOFST_RD,-1.821623962783292e-09
DIAG_MTCA09:PICO7_CH1:RNG1_EEGAIN_RD,5.895986823767352e-12
DIAG_MTCA09:PICO7_CH1:RNG1_EEOFST_RD,-3.947192225850493e-11
DIAG_MTCA09:PICO7_CH2:RNG0_EEGAIN_RD,2.2346108297099931e-10
DIAG_MTCA09:PICO7_CH2:RNG0_EEOFST_RD,2.064340254293029e-09
DIAG_MTCA09:PICO7_CH2:RNG1_EEGAIN_RD,5.893971075088267e-12
DIAG_MTCA09:PICO7_CH2:RNG1_EEOFST_RD,6.054570039770724e-11
DIAG_MTCA09:PICO7_CH3:RNG0_EEGAIN_RD,2.2346215156066052e-10
DIAG_MTCA09:PICO7_CH3:RNG0_EEOFST_RD,-4.097334915798001e-09
DIAG_MTCA09:PICO7_CH3:RNG1_EEGAIN_RD,5.891054137563412e-12
DIAG_MTCA09:PICO7_CH3:RNG1_EEOFST_RD,-1.02639015342465e-10
DIAG_MTCA09:PICO7_CH4:RNG0_EEGAIN_RD,2.2357145301743486e-10
DIAG_MTCA09:PICO7_CH4:RNG0_EEOFST_RD,3.1474300499212404e-08
DIAG_MTCA09:PICO7_CH4:RNG1_EEGAIN_RD,5.894058678623804e-12
DIAG_MTCA09:PICO7_CH4:RNG1_EEOFST_RD,8.354540947941302e-10
DIAG_MTCA09:PICO7_CH5:RNG0_EEGAIN_RD,2.234889495689174e-10
DIAG_MTCA09:PICO7_CH5:RNG0_EEOFST_RD,-2.6347699133566493e-08
DIAG_MTCA09:PICO7_CH5:RNG1_EEGAIN_RD,5.889216631721483e-12
DIAG_MTCA09:PICO7_CH5:RNG1_EEOFST_RD,-6.869569357803584e-10
DIAG_MTCA09:PICO7_CH6:RNG0_EEGAIN_RD,2.235358148583444e-10
DIAG_MTCA09:PICO7_CH6:RNG0_EEOFST_RD,8.84731754524637e-09
DIAG_MTCA09:PICO7_CH6:RNG1_EEGAIN_RD,5.8920446646681945e-12
DIAG_MTCA09:PICO7_CH6:RNG1_EEOFST_RD,2.428517109631656e-10
DIAG_MTCA09:PICO7_CH7:RNG0_EEGAIN_RD,2.2353305317857064e-10
DIAG_MTCA09:PICO7_CH7:RNG0_EEOFST_RD,-6.62102639381601e-09
DIAG_MTCA09:PICO7_CH7:RNG1_EEGAIN_RD,5.8983373740773004e-12
DIAG_MTCA09:PICO7_CH7:RNG1_EEOFST_RD,-1.6352248721762663e-10
DIAG_MTCA09:PICO9_CH0:RNG0_EEGAIN_RD,2.2344569250432045e-10
DIAG_MTCA09:PICO9_CH0:RNG0_EEOFST_RD,1.1844202951749594e-08
DIAG_MTCA09:PICO9_CH0:RNG1_EEGAIN_RD,5.8928651888723316e-12
DIAG_MTCA09:PICO9_CH0:RNG1_EEOFST_RD,3.084056343638508e-10
DIAG_MTCA09:PICO9_CH1:RNG0_EEGAIN_RD,2.2344262551321492e-10
DIAG_MTCA09:PICO9_CH1:RNG0_EEOFST_RD,6.132757413013223e-09
DIAG_MTCA09:PICO9_CH1:RNG1_EEGAIN_RD,5.894483685875418e-12
DIAG_MTCA09:PICO9_CH1:RNG1_EEOFST_RD,1.647627034806476e-10
DIAG_MTCA09:PICO9_CH2:RNG0_EEGAIN_RD,2.2341961614102956e-10
DIAG_MTCA09:PICO9_CH2:RNG0_EEOFST_RD,-6.306429600755337e-09
DIAG_MTCA09:PICO9_CH2:RNG1_EEGAIN_RD,5.892886439234912e-12
DIAG_MTCA09:PICO9_CH2:RNG1_EEOFST_RD,-1.5287592025625685e-10
DIAG_MTCA09:PICO9_CH3:RNG0_EEGAIN_RD,2.2346990924404508e-10
DIAG_MTCA09:PICO9_CH3:RNG0_EEOFST_RD,-1.091268853059546e-08
DIAG_MTCA09:PICO9_CH3:RNG1_EEGAIN_RD,5.8942937336547985e-12
DIAG_MTCA09:PICO9_CH3:RNG1_EEOFST_RD,-2.679899080426651e-10
DIAG_MTCA09:PICO9_CH4:RNG0_EEGAIN_RD,2.234255419564235e-10
DIAG_MTCA09:PICO9_CH4:RNG0_EEOFST_RD,4.2999140359434307e-10
DIAG_MTCA09:PICO9_CH4:RNG1_EEGAIN_RD,5.892963200748724e-12
DIAG_MTCA09:PICO9_CH4:RNG1_EEOFST_RD,7.023528026534054e-12
DIAG_MTCA09:PICO9_CH5:RNG0_EEGAIN_RD,2.2340662653164145e-10
DIAG_MTCA09:PICO9_CH5:RNG0_EEOFST_RD,-1.610593791667725e-08
DIAG_MTCA09:PICO9_CH5:RNG1_EEGAIN_RD,5.893643212351307e-12
DIAG_MTCA09:PICO9_CH5:RNG1_EEOFST_RD,-4.1571182607391677e-10
DIAG_MTCA09:PICO9_CH6:RNG0_EEGAIN_RD,2.233733059631149e-10
DIAG_MTCA09:PICO9_CH6:RNG0_EEOFST_RD,1.5622038773699387e-08
DIAG_MTCA09:PICO9_CH6:RNG1_EEGAIN_RD,5.893966738279577e-12
DIAG_MTCA09:PICO9_CH6:RNG1_EEOFST_RD,4.2263059718550267e-10
DIAG_MTCA09:PICO9_CH7:RNG0_EEGAIN_RD,2.233569995624407e-10
DIAG_MTCA09:PICO9_CH7:RNG0_EEOFST_RD,-5.893966426029351e-10
DIAG_MTCA09:PICO9_CH7:RNG1_EEGAIN_RD,5.889464263497679e-12
DIAG_MTCA09:PICO9_CH7:RNG1_EEOFST_RD,1.1407303053545537e-12
DIAG_MTCA10:PICO10_CH0:RNG0_EEGAIN_RD,2.2342616645687485e-10
DIAG_MTCA10:PICO10_CH0:RNG0_EEOFST_RD,3.353023414476297e-10
DIAG_MTCA10:PICO10_CH0:RNG1_EEGAIN_RD,5.886595464549282e-12
DIAG_MTCA10:PICO10_CH0:RNG1_EEOFST_RD,3.953025407010813e-12
DIAG_MTCA10:PICO10_CH1:RNG0_EEGAIN_RD,2.2345159056413877e-10
DIAG_MTCA10:PICO10_CH1:RNG0_EEOFST_RD,3.1510940523560294e-09
DIAG_MTCA10:PICO10_CH1:RNG1_EEGAIN_RD,5.887827985578964e-12
DIAG_MTCA10:PICO10_CH1:RNG1_EEOFST_RD,8.366609488552612e-11
DIAG_MTCA10:PICO10_CH2:RNG0_EEGAIN_RD,2.2345511552224195e-10
DIAG_MTCA10:PICO10_CH2:RNG0_EEOFST_RD,1.9813921614542096e-09
DIAG_MTCA10:PICO10_CH2:RNG1_EEGAIN_RD,5.887389534220411e-12
DIAG_MTCA10:PICO10_CH2:RNG1_EEOFST_RD,6.159293214347272e-11
DIAG_MTCA10:PICO10_CH3:RNG0_EEGAIN_RD,2.2344788519479408e-10
DIAG_MTCA10:PICO10_CH3:RNG0_EEOFST_RD,-9.11272746151326e-09
DIAG_MTCA10:PICO10_CH3:RNG1_EEGAIN_RD,5.888180568125456e-12
DIAG_MTCA10:PICO10_CH3:RNG1_EEOFST_RD,-2.0875096096162338e-10
DIAG_MTCA10:PICO10_CH4:RNG0_EEGAIN_RD,2.2344624761583276e-10
DIAG_MTCA10:PICO10_CH4:RNG0_EEOFST_RD,-1.7433805510336242e-08
DIAG_MTCA10:PICO10_CH4:RNG1_EEGAIN_RD,5.8871059069320886e-12
DIAG_MTCA10:PICO10_CH4:RNG1_EEOFST_RD,-4.5898332357019456e-10
DIAG_MTCA10:PICO10_CH5:RNG0_EEGAIN_RD,2.2348829731289044e-10
DIAG_MTCA10:PICO10_CH5:RNG0_EEOFST_RD,1.7312505207200957e-08
DIAG_MTCA10:PICO10_CH5:RNG1_EEGAIN_RD,5.887994085351789e-12
DIAG_MTCA10:PICO10_CH5:RNG1_EEOFST_RD,4.752740423441537e-10
DIAG_MTCA10:PICO10_CH6:RNG0_EEGAIN_RD,2.234619295160556e-10
DIAG_MTCA10:PICO10_CH6:RNG0_EEOFST_RD,-1.572942665006849e-08
DIAG_MTCA10:PICO10_CH6:RNG1_EEGAIN_RD,5.8877811480451125e-12
DIAG_MTCA10:PICO10_CH6:RNG1_EEOFST_RD,-3.954158389607443e-10
DIAG_MTCA10:PICO10_CH7:RNG0_EEGAIN_RD,2.2342851180301437e-10
DIAG_MTCA10:PICO10_CH7:RNG0_EEOFST_RD,-1.148716410881434e-08
DIAG_MTCA10:PICO10_CH7:RNG1_EEGAIN_RD,5.885966627289241e-12
DIAG_MTCA10:PICO10_CH7:RNG1_EEOFST_RD,-2.775345231409432e-10
DIAG_MTCA10:PICO8_CH0:RNG0_EEGAIN_RD,2.2344778805027943e-10
DIAG_MTCA10:PICO8_CH0:RNG0_EEOFST_RD,-2.3600176035643017e-08
DIAG_MTCA10:PICO8_CH0:RNG1_EEGAIN_RD,5.8877156622338944e-12
DIAG_MTCA10:PICO8_CH0:RNG1_EEOFST_RD,-6.297701804491851e-10
DIAG_MTCA10:PICO8_CH1:RNG0_EEGAIN_RD,2.2347199091221626e-10
DIAG_MTCA10:PICO8_CH1:RNG0_EEOFST_RD,-1.1705641789205856e-08
DIAG_MTCA10:PICO8_CH1:RNG1_EEGAIN_RD,5.888649810825708e-12
DIAG_MTCA10:PICO8_CH1:RNG1_EEOFST_RD,-2.999154813387861e-10
DIAG_MTCA10:PICO8_CH2:RNG0_EEGAIN_RD,2.2343668582003318e-10
DIAG_MTCA10:PICO8_CH2:RNG0_EEOFST_RD,-4.4787103803400896e-08
DIAG_MTCA10:PICO8_CH2:RNG1_EEGAIN_RD,5.88864894346397e-12
DIAG_MTCA10:PICO8_CH2:RNG1_EEOFST_RD,-1.1687416590078215e-09
DIAG_MTCA10:PICO8_CH3:RNG0_EEGAIN_RD,2.2349840034241453e-10
DIAG_MTCA10:PICO8_CH3:RNG0_EEOFST_RD,-1.8175324356661804e-08
DIAG_MTCA10:PICO8_CH3:RNG1_EEGAIN_RD,5.886373853625226e-12
DIAG_MTCA10:PICO8_CH3:RNG1_EEOFST_RD,-4.682352283680302e-10
DIAG_MTCA10:PICO8_CH4:RNG0_EEGAIN_RD,2.2351234751916138e-10
DIAG_MTCA10:PICO8_CH4:RNG0_EEOFST_RD,7.294803872071043e-09
DIAG_MTCA10:PICO8_CH4:RNG1_EEGAIN_RD,5.886697379553496e-12
DIAG_MTCA10:PICO8_CH4:RNG1_EEOFST_RD,1.9572561626990392e-10
DIAG_MTCA10:PICO8_CH5:RNG0_EEGAIN_RD,2.2341314909191112e-10
DIAG_MTCA10:PICO8_CH5:RNG0_EEOFST_RD,-1.1067632144090567e-08
DIAG_MTCA10:PICO8_CH5:RNG1_EEGAIN_RD,5.887822347727667e-12
DIAG_MTCA10:PICO8_CH5:RNG1_EEOFST_RD,-2.814516675275769e-10
DIAG_MTCA10:PICO8_CH6:RNG0_EEGAIN_RD,2.2346742512002749e-10
DIAG_MTCA10:PICO8_CH6:RNG0_EEOFST_RD,-2.5915143808674657e-08
DIAG_MTCA10:PICO8_CH6:RNG1_EEGAIN_RD,5.887126289932931e-12
DIAG_MTCA10:PICO8_CH6:RNG1_EEOFST_RD,-6.690353271388005e-10
DIAG_MTCA10:PICO8_CH7:RNG0_EEGAIN_RD,2.235388540938743e-10
DIAG_MTCA10:PICO8_CH7:RNG0_EEOFST_RD,-5.215217147025442e-09
DIAG_MTCA10:PICO8_CH7:RNG1_EEGAIN_RD,5.890517240647597e-12
DIAG_MTCA10:PICO8_CH7:RNG1_EEOFST_RD,-1.1368509605924615e-10
DIAG_MTCA10:PICO9_CH0:RNG0_EEGAIN_RD,2.2348425887663836e-10
DIAG_MTCA10:PICO9_CH0:RNG0_EEOFST_RD,1.38685969375274e-08
DIAG_MTCA10:PICO9_CH0:RNG1_EEGAIN_RD,5.8933248905934654e-12
DIAG_MTCA10:PICO9_CH0:RNG1_EEOFST_RD,3.6324582231017644e-10
DIAG_MTCA10:PICO9_CH1:RNG0_EEGAIN_RD,2.2346581529664178e-10
DIAG_MTCA10:PICO9_CH1:RNG0_EEOFST_RD,1.195957732846864e-08
DIAG_MTCA10:PICO9_CH1:RNG1_EEGAIN_RD,5.886520871439815e-12
DIAG_MTCA10:PICO9_CH1:RNG1_EEOFST_RD,3.2453256748610215e-10
DIAG_MTCA10:PICO9_CH2:RNG0_EEGAIN_RD,2.2351989703572883e-10
DIAG_MTCA10:PICO9_CH2:RNG0_EEOFST_RD,1.5244294715444084e-08
DIAG_MTCA10:PICO9_CH2:RNG1_EEGAIN_RD,5.890876762087993e-12
DIAG_MTCA10:PICO9_CH2:RNG1_EEOFST_RD,4.178378476549227e-10
DIAG_MTCA10:PICO9_CH3:RNG0_EEGAIN_RD,2.2350732375997495e-10
DIAG_MTCA10:PICO9_CH3:RNG0_EEOFST_RD,8.67689387007431e-09
DIAG_MTCA10:PICO9_CH3:RNG1_EEGAIN_RD,5.890161188654153e-12
DIAG_MTCA10:PICO9_CH3:RNG1_EEOFST_RD,2.491475081800587e-10
DIAG_MTCA10:PICO9_CH4:RNG0_EEGAIN_RD,2.2333204729996226e-10
DIAG_MTCA10:PICO9_CH4:RNG0_EEOFST_RD,-6.944934405339609e-09
DIAG_MTCA10:PICO9_CH4:RNG1_EEGAIN_RD,5.8813531302048805e-12
DIAG_MTCA10:PICO9_CH4:RNG1_EEOFST_RD,-1.793115100845455e-10
DIAG_MTCA10:PICO9_CH5:RNG0_EEGAIN_RD,2.233482981894852e-10
DIAG_MTCA10:PICO9_CH5:RNG0_EEOFST_RD,-1.2838151874916548e-08
DIAG_MTCA10:PICO9_CH5:RNG1_EEGAIN_RD,5.884695942343088e-12
DIAG_MTCA10:PICO9_CH5:RNG1_EEOFST_RD,-3.274545357090375e-10
DIAG_MTCA10:PICO9_CH6:RNG0_EEGAIN_RD,2.2337251492920984e-10
DIAG_MTCA10:PICO9_CH6:RNG0_EEOFST_RD,8.890857827736909e-09
DIAG_MTCA10:PICO9_CH6:RNG1_EEGAIN_RD,5.89037369227996e-12
DIAG_MTCA10:PICO9_CH6:RNG1_EEOFST_RD,2.497937134915418e-10
DIAG_MTCA10:PICO9_CH7:RNG0_EEGAIN_RD,2.233971341247809e-10
DIAG_MTCA10:PICO9_CH7:RNG0_EEOFST_RD,-6.185853163032107e-09
DIAG_MTCA10:PICO9_CH7:RNG1_EEGAIN_RD,5.890492954518933e-12
DIAG_MTCA10:PICO9_CH7:RNG1_EEOFST_RD,-1.4238069057093128e-10
DIAG_MTCA11:PICO7_CH0:RNG0_EEGAIN_RD,2.233708357168851e-10
DIAG_MTCA11:PICO7_CH0:RNG0_EEOFST_RD,-1.8413903291047973e-08
DIAG_MTCA11:PICO7_CH0:RNG1_EEGAIN_RD,5.890264838381842e-12
DIAG_MTCA11:PICO7_CH0:RNG1_EEOFST_RD,-4.773229034249482e-10
DIAG_MTCA11:PICO7_CH1:RNG0_EEGAIN_RD,2.233331714007747e-10
DIAG_MTCA11:PICO7_CH1:RNG0_EEOFST_RD,-1.818327532987496e-08
DIAG_MTCA11:PICO7_CH1:RNG1_EEGAIN_RD,5.889451253071609e-12
DIAG_MTCA11:PICO7_CH1:RNG1_EEOFST_RD,-4.693122002130679e-10
DIAG_MTCA11:PICO7_CH2:RNG0_EEGAIN_RD,2.2339188832098955e-10
DIAG_MTCA11:PICO7_CH2:RNG0_EEOFST_RD,8.119401151418515e-09
DIAG_MTCA11:PICO7_CH2:RNG1_EEGAIN_RD,5.883035378295709e-12
DIAG_MTCA11:PICO7_CH2:RNG1_EEOFST_RD,2.3475241195392016e-10
DIAG_MTCA11:PICO7_CH3:RNG0_EEGAIN_RD,2.234022966618454e-10
DIAG_MTCA11:PICO7_CH3:RNG0_EEOFST_RD,-2.7652982126369352e-08
DIAG_MTCA11:PICO7_CH3:RNG1_EEGAIN_RD,5.891584962947061e-12
DIAG_MTCA11:PICO7_CH3:RNG1_EEOFST_RD,-7.156218950754578e-10
DIAG_MTCA11:PICO7_CH4:RNG0_EEGAIN_RD,2.2341679895010458e-10
DIAG_MTCA11:PICO7_CH4:RNG0_EEOFST_RD,7.786544742316437e-09
DIAG_MTCA11:PICO7_CH4:RNG1_EEGAIN_RD,5.891126562268534e-12
DIAG_MTCA11:PICO7_CH4:RNG1_EEOFST_RD,2.1265635086198387e-10
DIAG_MTCA11:PICO7_CH5:RNG0_EEGAIN_RD,2.233705026499777e-10
DIAG_MTCA11:PICO7_CH5:RNG0_EEOFST_RD,-2.7252436751723508e-08
DIAG_MTCA11:PICO7_CH5:RNG1_EEGAIN_RD,5.889790825192032e-12
DIAG_MTCA11:PICO7_CH5:RNG1_EEOFST_RD,-6.982349143314082e-10
DIAG_MTCA11:PICO7_CH6:RNG0_EEGAIN_RD,2.2344734396106958e-10
DIAG_MTCA11:PICO7_CH6:RNG0_EEOFST_RD,-6.808384966916492e-09
DIAG_MTCA11:PICO7_CH6:RNG1_EEGAIN_RD,5.889962562816153e-12
DIAG_MTCA11:PICO7_CH6:RNG1_EEOFST_RD,-1.5074728965114303e-10
DIAG_MTCA11:PICO7_CH7:RNG0_EEGAIN_RD,2.2340579386437298e-10
DIAG_MTCA11:PICO7_CH7:RNG0_EEOFST_RD,-1.8029835402444405e-08
DIAG_MTCA11:PICO7_CH7:RNG1_EEGAIN_RD,5.885502155078548e-12
DIAG_MTCA11:PICO7_CH7:RNG1_EEOFST_RD,-4.4646489283373114e-10
DIAG_MTCA11:PICO9_CH0:RNG0_EEGAIN_RD,2.234944590506771e-10
DIAG_MTCA11:PICO9_CH0:RNG0_EEOFST_RD,-1.26829178270782e-08
DIAG_MTCA11:PICO9_CH0:RNG1_EEGAIN_RD,5.886849601538513e-12
DIAG_MTCA11:PICO9_CH0:RNG1_EEOFST_RD,-3.3172556368477046e-10
DIAG_MTCA11:PICO9_CH1:RNG0_EEGAIN_RD,2.2347861061700058e-10
DIAG_MTCA11:PICO9_CH1:RNG0_EEOFST_RD,-2.4430796941032895e-08
DIAG_MTCA11:PICO9_CH1:RNG1_EEGAIN_RD,5.886177396191572e-12
DIAG_MTCA11:PICO9_CH1:RNG1_EEOFST_RD,-6.360131865612573e-10
DIAG_MTCA11:PICO9_CH2:RNG0_EEGAIN_RD,2.2346260952765817e-10
DIAG_MTCA11:PICO9_CH2:RNG0_EEOFST_RD,-7.634696430613985e-09
DIAG_MTCA11:PICO9_CH2:RNG1_EEGAIN_RD,5.887890435624099e-12
DIAG_MTCA11:PICO9_CH2:RNG1_EEOFST_RD,-1.9042685484027544e-10
DIAG_MTCA11:PICO9_CH3:RNG0_EEGAIN_RD,2.234819967972257e-10
DIAG_MTCA11:PICO9_CH3:RNG0_EEOFST_RD,7.330902551672125e-10
DIAG_MTCA11:PICO9_CH3:RNG1_EEGAIN_RD,5.886761130641238e-12
DIAG_MTCA11:PICO9_CH3:RNG1_EEOFST_RD,3.014533761502847e-11
DIAG_MTCA11:PICO9_CH4:RNG0_EEGAIN_RD,2.233942614227047e-10
DIAG_MTCA11:PICO9_CH4:RNG0_EEOFST_RD,-7.451735228869438e-09
DIAG_MTCA11:PICO9_CH4:RNG1_EEGAIN_RD,5.8824017705461085e-12
DIAG_MTCA11:PICO9_CH4:RNG1_EEOFST_RD,-1.9976677256838826e-10
DIAG_MTCA11:PICO9_CH5:RNG0_EEGAIN_RD,2.23411497635162e-10
DIAG_MTCA11:PICO9_CH5:RNG0_EEOFST_RD,-3.084356592353288e-08
DIAG_MTCA11:PICO9_CH5:RNG1_EEGAIN_RD,5.882502818188584e-12
DIAG_MTCA11:PICO9_CH5:RNG1_EEOFST_RD,-8.041152743665236e-10
DIAG_MTCA11:PICO9_CH6:RNG0_EEGAIN_RD,2.2342787342477521e-10
DIAG_MTCA11:PICO9_CH6:RNG0_EEOFST_RD,-2.8718167843777564e-09
DIAG_MTCA11:PICO9_CH6:RNG1_EEGAIN_RD,5.8901026417368385e-12
DIAG_MTCA11:PICO9_CH6:RNG1_EEOFST_RD,-6.757543830060442e-11
DIAG_MTCA11:PICO9_CH7:RNG0_EEGAIN_RD,2.2342137862008116e-10
DIAG_MTCA11:PICO9_CH7:RNG0_EEOFST_RD,1.3457842840125522e-08
DIAG_MTCA11:PICO9_CH7:RNG1_EEGAIN_RD,5.889047929863445e-12
DIAG_MTCA11:PICO9_CH7:RNG1_EEOFST_RD,3.7048500378666915e-10
DIAG_MTCA12:PICO3_CH0:RNG0_EEGAIN_RD,2.2336892058216762e-10
DIAG_MTCA12:PICO3_CH0:RNG0_EEOFST_RD,-3.836281337044056e-08
DIAG_MTCA12:PICO3_CH0:RNG1_EEGAIN_RD,5.882822007308164e-12
DIAG_MTCA12:PICO3_CH0:RNG1_EEOFST_RD,-1.0007705775194609e-09
DIAG_MTCA12:PICO3_CH1:RNG0_EEGAIN_RD,2.233623147551711e-10
DIAG_MTCA12:PICO3_CH1:RNG0_EEOFST_RD,-3.674281856547168e-08
DIAG_MTCA12:PICO3_CH1:RNG1_EEGAIN_RD,5.883119512384294e-12
DIAG_MTCA12:PICO3_CH1:RNG1_EEOFST_RD,-9.483616114636106e-10
DIAG_MTCA12:PICO3_CH2:RNG0_EEGAIN_RD,2.2337749705503285e-10
DIAG_MTCA12:PICO3_CH2:RNG0_EEOFST_RD,-2.3161655704484474e-08
DIAG_MTCA12:PICO3_CH2:RNG1_EEGAIN_RD,5.883623883234934e-12
DIAG_MTCA12:PICO3_CH2:RNG1_EEOFST_RD,-5.800380176168574e-10
DIAG_MTCA12:PICO3_CH3:RNG0_EEGAIN_RD,2.2342049044166146e-10
DIAG_MTCA12:PICO3_CH3:RNG0_EEOFST_RD,-9.022876668041135e-09
DIAG_MTCA12:PICO3_CH3:RNG1_EEGAIN_RD,5.884855970583747e-12
DIAG_MTCA12:PICO3_CH3:RNG1_EEOFST_RD,-2.0327352301396928e-10
DIAG_MTCA12:PICO3_CH4:RNG0_EEGAIN_RD,2.2343854544359942e-10
DIAG_MTCA12:PICO3_CH4:RNG0_EEOFST_RD,-1.7976747868075904e-09
DIAG_MTCA12:PICO3_CH4:RNG1_EEGAIN_RD,5.884373283776556e-12
DIAG_MTCA12:PICO3_CH4:RNG1_EEOFST_RD,-4.700725572681641e-11
DIAG_MTCA12:PICO3_CH5:RNG0_EEGAIN_RD,2.2345311712079763e-10
DIAG_MTCA12:PICO3_CH5:RNG0_EEOFST_RD,-2.214101968434079e-08
DIAG_MTCA12:PICO3_CH5:RNG1_EEGAIN_RD,5.884927961608e-12
DIAG_MTCA12:PICO3_CH5:RNG1_EEOFST_RD,-5.695626748014604e-10
DIAG_MTCA12:PICO3_CH6:RNG0_EEGAIN_RD,2.2371865471271235e-10
DIAG_MTCA12:PICO3_CH6:RNG0_EEOFST_RD,-1.308095765040207e-08
DIAG_MTCA12:PICO3_CH6:RNG1_EEGAIN_RD,5.887607675697515e-12
DIAG_MTCA12:PICO3_CH6:RNG1_EEOFST_RD,-3.304606588372394e-10
DIAG_MTCA12:PICO3_CH7:RNG0_EEGAIN_RD,2.2338424165990745e-10
DIAG_MTCA12:PICO3_CH7:RNG0_EEOFST_RD,-4.624239213768533e-09
DIAG_MTCA12:PICO3_CH7:RNG1_EEGAIN_RD,5.884214990259373e-12
DIAG_MTCA12:PICO3_CH7:RNG1_EEOFST_RD,-8.875220003368156e-11
DIAG_MTCA12:PICO5_CH0:RNG0_EEGAIN_RD,2.476983618215911e-10
DIAG_MTCA12:PICO5_CH0:RNG0_EEOFST_RD,1.4954665283894997e-09
DIAG_MTCA12:PICO5_CH0:RNG1_EEGAIN_RD,3.186232527818689e-11
DIAG_MTCA12:PICO5_CH0:RNG1_EEOFST_RD,2.0565793512616892e-10
DIAG_MTCA12:PICO5_CH1:RNG0_EEGAIN_RD,2.4768689876886185e-10
DIAG_MTCA12:PICO5_CH1:RNG0_EEOFST_RD,1.315754838415728e-09
DIAG_MTCA12:PICO5_CH1:RNG1_EEGAIN_RD,3.1862804061866257e-11
DIAG_MTCA12:PICO5_CH1:RNG1_EEOFST_RD,-6.950080511103351e-10
DIAG_MTCA12:PICO5_CH2:RNG0_EEGAIN_RD,2.477254790189676e-10
DIAG_MTCA12:PICO5_CH2:RNG0_EEOFST_RD,-1.442240105120618e-08
DIAG_MTCA12:PICO5_CH2:RNG1_EEGAIN_RD,3.186721372894219e-11
DIAG_MTCA12:PICO5_CH2:RNG1_EEOFST_RD,-1.2202688859375144e-10
DIAG_MTCA12:PICO5_CH3:RNG0_EEGAIN_RD,2.4769591933093693e-10
DIAG_MTCA12:PICO5_CH3:RNG0_EEOFST_RD,-1.1901189367335974e-08
DIAG_MTCA12:PICO5_CH3:RNG1_EEGAIN_RD,3.186177710556848e-11
DIAG_MTCA12:PICO5_CH3:RNG1_EEOFST_RD,-2.3168791329908345e-09
DIAG_MTCA12:PICO5_CH4:RNG0_EEGAIN_RD,2.4778318286067247e-10
DIAG_MTCA12:PICO5_CH4:RNG0_EEOFST_RD,-3.945436866104046e-09
DIAG_MTCA12:PICO5_CH4:RNG1_EEGAIN_RD,3.1869281519325554e-11
DIAG_MTCA12:PICO5_CH4:RNG1_EEOFST_RD,-2.840805646275868e-10
DIAG_MTCA12:PICO5_CH5:RNG0_EEGAIN_RD,2.4774493567747413e-10
DIAG_MTCA12:PICO5_CH5:RNG0_EEOFST_RD,-3.4432134921047464e-09
DIAG_MTCA12:PICO5_CH5:RNG1_EEGAIN_RD,3.1870509703546546e-11
DIAG_MTCA12:PICO5_CH5:RNG1_EEOFST_RD,-1.767442789346596e-11
DIAG_MTCA12:PICO5_CH6:RNG0_EEGAIN_RD,2.4772900397707076e-10
DIAG_MTCA12:PICO5_CH6:RNG0_EEOFST_RD,-5.5529816300747825e-09
DIAG_MTCA12:PICO5_CH6:RNG1_EEGAIN_RD,3.186733515958551e-11
DIAG_MTCA12:PICO5_CH6:RNG1_EEOFST_RD,-5.160660440650666e-11
DIAG_MTCA12:PICO5_CH7:RNG0_EEGAIN_RD,2.4777016549570874e-10
DIAG_MTCA12:PICO5_CH7:RNG0_EEOFST_RD,-2.8318644651470493e-10
DIAG_MTCA12:PICO5_CH7:RNG1_EEGAIN_RD,3.186911845531881e-11
DIAG_MTCA12:PICO5_CH7:RNG1_EEOFST_RD,-4.323323088417652e-10
DIAG_MTCA14:PICO7_CH0:RNG0_EEGAIN_RD,2.23446663949467e-10
DIAG_MTCA14:PICO7_CH0:RNG0_EEOFST_RD,-1.4555018523765284e-08
DIAG_MTCA14:PICO7_CH0:RNG1_EEGAIN_RD,5.888278580001849e-12
DIAG_MTCA14:PICO7_CH0:RNG1_EEOFST_RD,-3.7094322058450757e-10
DIAG_MTCA14:PICO7_CH1:RNG0_EEGAIN_RD,2.2344102956761702e-10
DIAG_MTCA14:PICO7_CH1:RNG0_EEOFST_RD,-1.344366040711975e-08
DIAG_MTCA14:PICO7_CH1:RNG1_EEGAIN_RD,5.886537351312837e-12
DIAG_MTCA14:PICO7_CH1:RNG1_EEOFST_RD,-3.2775374081417397e-10
DIAG_MTCA14:PICO7_CH2:RNG0_EEGAIN_RD,2.2349201656002293e-10
DIAG_MTCA14:PICO7_CH2:RNG0_EEOFST_RD,2.4076177496112905e-08
DIAG_MTCA14:PICO7_CH2:RNG1_EEGAIN_RD,5.886918990477552e-12
DIAG_MTCA14:PICO7_CH2:RNG1_EEOFST_RD,6.538191654748005e-10
DIAG_MTCA14:PICO7_CH3:RNG0_EEGAIN_RD,2.2345250649813408e-10
DIAG_MTCA14:PICO7_CH3:RNG0_EEOFST_RD,-1.5036228262488294e-08
DIAG_MTCA14:PICO7_CH3:RNG1_EEGAIN_RD,5.889466431902024e-12
DIAG_MTCA14:PICO7_CH3:RNG1_EEOFST_RD,-3.7396455376814686e-10
DIAG_MTCA14:PICO7_CH4:RNG0_EEGAIN_RD,2.2347551587031944e-10
DIAG_MTCA14:PICO7_CH4:RNG0_EEOFST_RD,-1.0876300748918766e-08
DIAG_MTCA14:PICO7_CH4:RNG1_EEGAIN_RD,5.88876516993686e-12
DIAG_MTCA14:PICO7_CH4:RNG1_EEOFST_RD,-2.717150393571899e-10
DIAG_MTCA14:PICO7_CH5:RNG0_EEGAIN_RD,2.2348779771252936e-10
DIAG_MTCA14:PICO7_CH5:RNG0_EEOFST_RD,1.0925268467687488e-09
DIAG_MTCA14:PICO7_CH5:RNG1_EEGAIN_RD,5.88829549355574e-12
DIAG_MTCA14:PICO7_CH5:RNG1_EEOFST_RD,4.942075915170818e-11
DIAG_MTCA14:PICO7_CH6:RNG0_EEGAIN_RD,2.2347874939487866e-10
DIAG_MTCA14:PICO7_CH6:RNG0_EEOFST_RD,-1.1058939541896962e-08
DIAG_MTCA14:PICO7_CH6:RNG1_EEGAIN_RD,5.887504025969825e-12
DIAG_MTCA14:PICO7_CH6:RNG1_EEOFST_RD,-2.657894182522824e-10
DIAG_MTCA14:PICO7_CH7:RNG0_EEGAIN_RD,2.2344671946061823e-10
DIAG_MTCA14:PICO7_CH7:RNG0_EEOFST_RD,-1.571281060819274e-08
DIAG_MTCA14:PICO7_CH7:RNG1_EEGAIN_RD,5.886997053033971e-12
DIAG_MTCA14:PICO7_CH7:RNG1_EEOFST_RD,-3.8789463308042116e-10
DIAG_MTCA14:PICO8_CH0:RNG0_EEGAIN_RD,2.234552126667566e-10
DIAG_MTCA14:PICO8_CH0:RNG0_EEOFST_RD,-8.264031237104064e-09
DIAG_MTCA14:PICO8_CH0:RNG1_EEGAIN_RD,5.881975895932756e-12
DIAG_MTCA14:PICO8_CH0:RNG1_EEOFST_RD,-1.9561774422527378e-10
DIAG_MTCA14:PICO8_CH1:RNG0_EEGAIN_RD,2.2345196526440958e-10
DIAG_MTCA14:PICO8_CH1:RNG0_EEOFST_RD,-2.80344973901947e-08
DIAG_MTCA14:PICO8_CH1:RNG1_EEGAIN_RD,5.881031339000087e-12
DIAG_MTCA14:PICO8_CH1:RNG1_EEOFST_RD,-7.181087391394669e-10
DIAG_MTCA14:PICO8_CH2:RNG0_EEGAIN_RD,2.2346681449736394e-10
DIAG_MTCA14:PICO8_CH2:RNG0_EEOFST_RD,6.282568687510093e-09
DIAG_MTCA14:PICO8_CH2:RNG1_EEGAIN_RD,5.882667183237933e-12
DIAG_MTCA14:PICO8_CH2:RNG1_EEOFST_RD,1.9268618645096325e-10
DIAG_MTCA14:PICO8_CH3:RNG0_EEGAIN_RD,2.23424279077733e-10
DIAG_MTCA14:PICO8_CH3:RNG0_EEOFST_RD,-4.560352806493029e-08
DIAG_MTCA14:PICO8_CH3:RNG1_EEGAIN_RD,5.882014493530097e-12
DIAG_MTCA14:PICO8_CH3:RNG1_EEOFST_RD,-1.1527527821186823e-09
DIAG_MTCA14:PICO8_CH4:RNG0_EEGAIN_RD,2.2341246908030854e-10
DIAG_MTCA14:PICO8_CH4:RNG0_EEOFST_RD,-4.794393326790214e-09
DIAG_MTCA14:PICO8_CH4:RNG1_EEGAIN_RD,5.880918581974148e-12
DIAG_MTCA14:PICO8_CH4:RNG1_EEOFST_RD,-1.2389912706911588e-10
DIAG_MTCA14:PICO8_CH5:RNG0_EEGAIN_RD,2.234092078001737e-10
DIAG_MTCA14:PICO8_CH5:RNG0_EEOFST_RD,-2.5081549281935622e-08
DIAG_MTCA14:PICO8_CH5:RNG1_EEGAIN_RD,5.884741045153463e-12
DIAG_MTCA14:PICO8_CH5:RNG1_EEOFST_RD,-6.369236249526011e-10
DIAG_MTCA14:PICO8_CH6:RNG0_EEGAIN_RD,2.234503970743873e-10
DIAG_MTCA14:PICO8_CH6:RNG0_EEOFST_RD,-2.0062250527530523e-08
DIAG_MTCA14:PICO8_CH6:RNG1_EEGAIN_RD,5.880315765566246e-12
DIAG_MTCA14:PICO8_CH6:RNG1_EEOFST_RD,-5.015211024250732e-10
DIAG_MTCA14:PICO8_CH7:RNG0_EEGAIN_RD,2.234752521923511e-10
DIAG_MTCA14:PICO8_CH7:RNG0_EEOFST_RD,1.532857041297575e-08
DIAG_MTCA14:PICO8_CH7:RNG1_EEGAIN_RD,5.882864508033325e-12
DIAG_MTCA14:PICO8_CH7:RNG1_EEOFST_RD,4.328027380928745e-10
DIAG_MTCA15:PICO3_CH0:RNG0_EEGAIN_RD,2.234832457981284e-10
DIAG_MTCA15:PICO3_CH0:RNG0_EEOFST_RD,4.912928286415763e-09
DIAG_MTCA15:PICO3_CH0:RNG1_EEGAIN_RD,5.887059503079106e-12
DIAG_MTCA15:PICO3_CH0:RNG1_EEOFST_RD,1.3265970266740368e-10
DIAG_MTCA15:PICO3_CH1:RNG0_EEGAIN_RD,2.234461365935303e-10
DIAG_MTCA15:PICO3_CH1:RNG0_EEOFST_RD,-5.377275846818463e-10
DIAG_MTCA15:PICO3_CH1:RNG1_EEGAIN_RD,5.886671792382225e-12
DIAG_MTCA15:PICO3_CH1:RNG1_EEOFST_RD,-3.1695605341719446e-12
DIAG_MTCA15:PICO3_CH2:RNG0_EEGAIN_RD,2.2345598982287385e-10
DIAG_MTCA15:PICO3_CH2:RNG0_EEOFST_RD,6.593249946007518e-09
DIAG_MTCA15:PICO3_CH2:RNG1_EEGAIN_RD,5.885428863011688e-12
DIAG_MTCA15:PICO3_CH2:RNG1_EEOFST_RD,1.951499933872114e-10
DIAG_MTCA15:PICO3_CH3:RNG0_EEGAIN_RD,2.234198659412101e-10
DIAG_MTCA15:PICO3_CH3:RNG0_EEOFST_RD,-2.3803668369737352e-08
DIAG_MTCA15:PICO3_CH3:RNG1_EEGAIN_RD,5.888996755520903e-12
DIAG_MTCA15:PICO3_CH3:RNG1_EEOFST_RD,-6.108752392819383e-10
DIAG_MTCA15:PICO3_CH4:RNG0_EEGAIN_RD,2.2340995720071533e-10
DIAG_MTCA15:PICO3_CH4:RNG0_EEOFST_RD,-2.7495614673966884e-08
DIAG_MTCA15:PICO3_CH4:RNG1_EEGAIN_RD,5.887304532770088e-12
DIAG_MTCA15:PICO3_CH4:RNG1_EEOFST_RD,-7.31091798211736e-10
DIAG_MTCA15:PICO3_CH5:RNG0_EEGAIN_RD,2.2337322269638804e-10
DIAG_MTCA15:PICO3_CH5:RNG0_EEOFST_RD,-2.21815650292001e-08
DIAG_MTCA15:PICO3_CH5:RNG1_EEGAIN_RD,5.884748417728236e-12
DIAG_MTCA15:PICO3_CH5:RNG1_EEOFST_RD,-5.753455489809767e-10
DIAG_MTCA15:PICO3_CH6:RNG0_EEGAIN_RD,2.233779272664549e-10
DIAG_MTCA15:PICO3_CH6:RNG0_EEOFST_RD,-7.822210434937915e-09
DIAG_MTCA15:PICO3_CH6:RNG1_EEGAIN_RD,5.8847874490064456e-12
DIAG_MTCA15:PICO3_CH6:RNG1_EEOFST_RD,-1.8448007010896106e-10
DIAG_MTCA15:PICO3_CH7:RNG0_EEGAIN_RD,2.2339130545390162e-10
DIAG_MTCA15:PICO3_CH7:RNG0_EEOFST_RD,-2.904158691308112e-08
DIAG_MTCA15:PICO3_CH7:RNG1_EEGAIN_RD,5.884140830830775e-12
DIAG_MTCA15:PICO3_CH7:RNG1_EEOFST_RD,-7.460608242304545e-10
DIAG_MTCA15:PICO4_CH0:RNG0_EEGAIN_RD,2.233908891202674e-10
DIAG_MTCA15:PICO4_CH0:RNG0_EEOFST_RD,-2.1968503460811917e-08
DIAG_MTCA15:PICO4_CH0:RNG1_EEGAIN_RD,5.889492019073295e-12
DIAG_MTCA15:PICO4_CH0:RNG1_EEOFST_RD,-5.77136338719697e-10
DIAG_MTCA15:PICO4_CH1:RNG0_EEGAIN_RD,2.2343663030888194e-10
DIAG_MTCA15:PICO4_CH1:RNG0_EEOFST_RD,-5.395439472977159e-08
DIAG_MTCA15:PICO4_CH1:RNG1_EEGAIN_RD,5.893254634292688e-12
DIAG_MTCA15:PICO4_CH1:RNG1_EEOFST_RD,-1.4197357733891636e-09
DIAG_MTCA15:PICO4_CH2:RNG0_EEGAIN_RD,2.233955243013952e-10
DIAG_MTCA15:PICO4_CH2:RNG0_EEOFST_RD,-3.7197921187726024e-08
DIAG_MTCA15:PICO4_CH2:RNG1_EEGAIN_RD,5.885774940345145e-12
DIAG_MTCA15:PICO4_CH2:RNG1_EEOFST_RD,-9.752281204811197e-10
DIAG_MTCA15:PICO4_CH3:RNG0_EEGAIN_RD,2.2342724892432386e-10
DIAG_MTCA15:PICO4_CH3:RNG0_EEOFST_RD,-1.7298122045872333e-08
DIAG_MTCA15:PICO4_CH3:RNG1_EEGAIN_RD,5.889667226144368e-12
DIAG_MTCA15:PICO4_CH3:RNG1_EEOFST_RD,-4.543113385491182e-10
DIAG_MTCA15:PICO4_CH4:RNG0_EEGAIN_RD,2.234136486922722e-10
DIAG_MTCA15:PICO4_CH4:RNG0_EEOFST_RD,-6.082883502456227e-11
DIAG_MTCA15:PICO4_CH4:RNG1_EEGAIN_RD,5.8915190434549736e-12
DIAG_MTCA15:PICO4_CH4:RNG1_EEOFST_RD,3.5698481930940273e-12
DIAG_MTCA15:PICO4_CH5:RNG0_EEGAIN_RD,2.2339455285624865e-10
DIAG_MTCA15:PICO4_CH5:RNG0_EEOFST_RD,-1.594380272251783e-08
DIAG_MTCA15:PICO4_CH5:RNG1_EEGAIN_RD,5.885457485949042e-12
DIAG_MTCA15:PICO4_CH5:RNG1_EEOFST_RD,-4.142041154509002e-10
DIAG_MTCA15:PICO4_CH6:RNG0_EEGAIN_RD,2.2338907113006456e-10
DIAG_MTCA15:PICO4_CH6:RNG0_EEOFST_RD,-2.445044833265797e-09
DIAG_MTCA15:PICO4_CH6:RNG1_EEGAIN_RD,5.890732780039487e-12
DIAG_MTCA15:PICO4_CH6:RNG1_EEOFST_RD,-5.57891267904953e-11
DIAG_MTCA15:PICO4_CH7:RNG0_EEGAIN_RD,2.2339877170374223e-10
DIAG_MTCA15:PICO4_CH7:RNG0_EEOFST_RD,8.477893942426817e-09
DIAG_MTCA15:PICO4_CH7:RNG1_EEGAIN_RD,5.885400673755203e-12
DIAG_MTCA15:PICO4_CH7:RNG1_EEOFST_RD,2.3431728779499394e-10
DIAG_MTCA15:PICO5_CH0:RNG0_EEGAIN_RD,2.233474100110655e-10
DIAG_MTCA15:PICO5_CH0:RNG0_EEOFST_RD,-1.2612231259367945e-08
DIAG_MTCA15:PICO5_CH0:RNG1_EEGAIN_RD,5.878165142136904e-12
DIAG_MTCA15:PICO5_CH0:RNG1_EEOFST_RD,-3.4361577472274973e-10
DIAG_MTCA15:PICO5_CH1:RNG0_EEGAIN_RD,2.2340082561633778e-10
DIAG_MTCA15:PICO5_CH1:RNG0_EEOFST_RD,-1.2903710100431454e-08
DIAG_MTCA15:PICO5_CH1:RNG1_EEGAIN_RD,5.87997359136061e-12
DIAG_MTCA15:PICO5_CH1:RNG1_EEOFST_RD,-3.312229102103714e-10
DIAG_MTCA15:PICO5_CH2:RNG0_EEGAIN_RD,2.2339494143430727e-10
DIAG_MTCA15:PICO5_CH2:RNG0_EEOFST_RD,-3.2933977767157785e-09
DIAG_MTCA15:PICO5_CH2:RNG1_EEGAIN_RD,5.883345026436171e-12
DIAG_MTCA15:PICO5_CH2:RNG1_EEOFST_RD,-7.146558345105802e-11
DIAG_MTCA15:PICO5_CH3:RNG0_EEGAIN_RD,2.2337992566789922e-10
DIAG_MTCA15:PICO5_CH3:RNG0_EEOFST_RD,2.056536052563729e-09
DIAG_MTCA15:PICO5_CH3:RNG1_EEGAIN_RD,5.880256351287194e-12
DIAG_MTCA15:PICO5_CH3:RNG1_EEOFST_RD,4.036049272571063e-11
DIAG_MTCA15:PICO5_CH4:RNG0_EEGAIN_RD,2.2342935834807065e-10
DIAG_MTCA15:PICO5_CH4:RNG0_EEOFST_RD,2.003279142570591e-08
DIAG_MTCA15:PICO5_CH4:RNG1_EEGAIN_RD,5.881296751691911e-12
DIAG_MTCA15:PICO5_CH4:RNG1_EEOFST_RD,5.189578211606261e-10
DIAG_MTCA15:PICO5_CH5:RNG0_EEGAIN_RD,2.2341892225163917e-10
DIAG_MTCA15:PICO5_CH5:RNG0_EEOFST_RD,-2.49879654745655e-08
DIAG_MTCA15:PICO5_CH5:RNG1_EEGAIN_RD,5.8799354274441384e-12
DIAG_MTCA15:PICO5_CH5:RNG1_EEOFST_RD,-6.45258735332277e-10
DIAG_MTCA15:PICO5_CH6:RNG0_EEGAIN_RD,2.234269436129921e-10
DIAG_MTCA15:PICO5_CH6:RNG0_EEOFST_RD,-1.6911739564307027e-08
DIAG_MTCA15:PICO5_CH6:RNG1_EEGAIN_RD,5.881693136006172e-12
DIAG_MTCA15:PICO5_CH6:RNG1_EEOFST_RD,-4.312195045486078e-10
DIAG_MTCA15:PICO5_CH7:RNG0_EEGAIN_RD,2.2339208261001886e-10
DIAG_MTCA15:PICO5_CH7:RNG0_EEOFST_RD,-2.4083881555725384e-08
DIAG_MTCA15:PICO5_CH7:RNG1_EEGAIN_RD,5.881071237640034e-12
DIAG_MTCA15:PICO5_CH7:RNG1_EEOFST_RD,-6.09133188333999e-10
DIAG_MTCA15:PICO6_CH0:RNG0_EEGAIN_RD,2.2340965188938355e-10
DIAG_MTCA15:PICO6_CH0:RNG0_EEOFST_RD,-2.907306928534581e-08
DIAG_MTCA15:PICO6_CH0:RNG1_EEGAIN_RD,5.8845632359971756e-12
DIAG_MTCA15:PICO6_CH0:RNG1_EEOFST_RD,-7.457862105653135e-10
DIAG_MTCA15:PICO6_CH1:RNG0_EEGAIN_RD,2.2339256833259213e-10
DIAG_MTCA15:PICO6_CH1:RNG0_EEOFST_RD,-2.115769426325187e-08
DIAG_MTCA15:PICO6_CH1:RNG1_EEGAIN_RD,5.8871072079746956e-12
DIAG_MTCA15:PICO6_CH1:RNG1_EEOFST_RD,-4.849469159573516e-10
DIAG_MTCA15:PICO6_CH2:RNG0_EEGAIN_RD,2.2338743355110324e-10
DIAG_MTCA15:PICO6_CH2:RNG0_EEOFST_RD,-1.2427129547631921e-08
DIAG_MTCA15:PICO6_CH2:RNG1_EEGAIN_RD,5.885627922530556e-12
DIAG_MTCA15:PICO6_CH2:RNG1_EEOFST_RD,-2.687031153136843e-10
DIAG_MTCA15:PICO6_CH3:RNG0_EEGAIN_RD,2.2343323025086903e-10
DIAG_MTCA15:PICO6_CH3:RNG0_EEOFST_RD,-1.7898594606435836e-08
DIAG_MTCA15:PICO6_CH3:RNG1_EEGAIN_RD,5.887848802260676e-12
DIAG_MTCA15:PICO6_CH3:RNG1_EEOFST_RD,-4.1321257526760746e-10
DIAG_MTCA15:PICO6_CH4:RNG0_EEGAIN_RD,2.2342808159159233e-10
DIAG_MTCA15:PICO6_CH4:RNG0_EEOFST_RD,-1.908095015323852e-08
DIAG_MTCA15:PICO6_CH4:RNG1_EEGAIN_RD,5.886758094875155e-12
DIAG_MTCA15:PICO6_CH4:RNG1_EEOFST_RD,-4.938735531645477e-10
DIAG_MTCA15:PICO6_CH5:RNG0_EEGAIN_RD,2.2344699701637438e-10
DIAG_MTCA15:PICO6_CH5:RNG0_EEOFST_RD,-1.2565791962515505e-08
DIAG_MTCA15:PICO6_CH5:RNG1_EEGAIN_RD,5.886909449498434e-12
DIAG_MTCA15:PICO6_CH5:RNG1_EEOFST_RD,-3.1853619741895045e-10
DIAG_MTCA15:PICO6_CH6:RNG0_EEGAIN_RD,2.2347786121645896e-10
DIAG_MTCA15:PICO6_CH6:RNG0_EEOFST_RD,-5.915722578464511e-09
DIAG_MTCA15:PICO6_CH6:RNG1_EEGAIN_RD,5.886769804258618e-12
DIAG_MTCA15:PICO6_CH6:RNG1_EEOFST_RD,-1.3780764029913684e-10
DIAG_MTCA15:PICO6_CH7:RNG0_EEGAIN_RD,2.2347876327266647e-10
DIAG_MTCA15:PICO6_CH7:RNG0_EEOFST_RD,-2.4670377740676486e-08
DIAG_MTCA15:PICO6_CH7:RNG1_EEGAIN_RD,5.886034715185673e-12
DIAG_MTCA15:PICO6_CH7:RNG1_EEOFST_RD,-6.649466532948622e-10
DIAG_MTCA15:PICO7_CH0:RNG0_EEGAIN_RD,2.2343941974423132e-10
DIAG_MTCA15:PICO7_CH0:RNG0_EEOFST_RD,-1.1150778078672374e-08
DIAG_MTCA15:PICO7_CH0:RNG1_EEGAIN_RD,5.884808265688157e-12
DIAG_MTCA15:PICO7_CH0:RNG1_EEOFST_RD,-2.603627591302171e-10
DIAG_MTCA15:PICO7_CH1:RNG0_EEGAIN_RD,2.2346006989248934e-10
DIAG_MTCA15:PICO7_CH1:RNG0_EEOFST_RD,4.119908858513099e-09
DIAG_MTCA15:PICO7_CH1:RNG1_EEGAIN_RD,5.883282142710167e-12
DIAG_MTCA15:PICO7_CH1:RNG1_EEOFST_RD,1.4633794176432957e-10
DIAG_MTCA15:PICO7_CH2:RNG0_EEGAIN_RD,2.2343751848730165e-10
DIAG_MTCA15:PICO7_CH2:RNG0_EEOFST_RD,-1.8620042396833014e-08
DIAG_MTCA15:PICO7_CH2:RNG1_EEGAIN_RD,5.8824004695035015e-12
DIAG_MTCA15:PICO7_CH2:RNG1_EEOFST_RD,-4.376441986586599e-10
DIAG_MTCA15:PICO7_CH3:RNG0_EEGAIN_RD,2.2342033778599557e-10
DIAG_MTCA15:PICO7_CH3:RNG0_EEOFST_RD,6.279206488102318e-09
DIAG_MTCA15:PICO7_CH3:RNG1_EEGAIN_RD,5.8821745217707555e-12
DIAG_MTCA15:PICO7_CH3:RNG1_EEOFST_RD,2.0052562388350736e-10
DIAG_MTCA15:PICO7_CH4:RNG0_EEGAIN_RD,2.234692431102303e-10
DIAG_MTCA15:PICO7_CH4:RNG0_EEOFST_RD,1.183938724835798e-08
DIAG_MTCA15:PICO7_CH4:RNG1_EEGAIN_RD,5.885381591796968e-12
DIAG_MTCA15:PICO7_CH4:RNG1_EEOFST_RD,3.299941153667163e-10
DIAG_MTCA15:PICO7_CH5:RNG0_EEGAIN_RD,2.2343023264870254e-10
DIAG_MTCA15:PICO7_CH5:RNG0_EEOFST_RD,-1.2327264542477678e-08
DIAG_MTCA15:PICO7_CH5:RNG1_EEGAIN_RD,5.8833779861822144e-12
DIAG_MTCA15:PICO7_CH5:RNG1_EEOFST_RD,-2.994668957256863e-10
DIAG_MTCA15:PICO7_CH6:RNG0_EEGAIN_RD,2.234795265509959e-10
DIAG_MTCA15:PICO7_CH6:RNG0_EEOFST_RD,1.2152105988150197e-08
DIAG_MTCA15:PICO7_CH6:RNG1_EEGAIN_RD,5.885109240211239e-12
DIAG_MTCA15:PICO7_CH6:RNG1_EEOFST_RD,3.5702535372550415e-10
DIAG_MTCA15:PICO7_CH7:RNG0_EEGAIN_RD,2.2344057160061936e-10
DIAG_MTCA15:PICO7_CH7:RNG0_EEOFST_RD,-1.1280167022675869e-08
DIAG_MTCA15:PICO7_CH7:RNG1_EEGAIN_RD,5.883063567552194e-12
DIAG_MTCA15:PICO7_CH7:RNG1_EEOFST_RD,-2.484008831959983e-10
DIAG_MTCA15:PICO8_CH0:RNG0_EEGAIN_RD,2.2343267513935672e-10
DIAG_MTCA15:PICO8_CH0:RNG0_EEOFST_RD,3.861647002167956e-09
DIAG_MTCA15:PICO8_CH0:RNG1_EEGAIN_RD,5.881265526669344e-12
DIAG_MTCA15:PICO8_CH0:RNG1_EEOFST_RD,1.1980949565781884e-10
DIAG_MTCA15:PICO8_CH1:RNG0_EEGAIN_RD,2.2343588090834032e-10
DIAG_MTCA15:PICO8_CH1:RNG0_EEOFST_RD,1.4281253513104275e-08
DIAG_MTCA15:PICO8_CH1:RNG1_EEGAIN_RD,5.883528907124624e-12
DIAG_MTCA15:PICO8_CH1:RNG1_EEOFST_RD,4.0157266401052993e-10
DIAG_MTCA15:PICO8_CH2:RNG0_EEGAIN_RD,2.234424173463978e-10
DIAG_MTCA15:PICO8_CH2:RNG0_EEOFST_RD,3.3160196810655407e-09
DIAG_MTCA15:PICO8_CH2:RNG1_EEGAIN_RD,5.885116179105143e-12
DIAG_MTCA15:PICO8_CH2:RNG1_EEOFST_RD,1.1034551744559806e-10
DIAG_MTCA15:PICO8_CH3:RNG0_EEGAIN_RD,2.234608748041822e-10
DIAG_MTCA15:PICO8_CH3:RNG0_EEOFST_RD,-1.1193340476722824e-08
DIAG_MTCA15:PICO8_CH3:RNG1_EEGAIN_RD,5.884594461019743e-12
DIAG_MTCA15:PICO8_CH3:RNG1_EEOFST_RD,-2.6736596270282575e-10
DIAG_MTCA15:PICO8_CH4:RNG0_EEGAIN_RD,2.235111262738343e-10
DIAG_MTCA15:PICO8_CH4:RNG0_EEOFST_RD,1.230504809157651e-09
DIAG_MTCA15:PICO8_CH4:RNG1_EEGAIN_RD,5.882884457353299e-12
DIAG_MTCA15:PICO8_CH4:RNG1_EEOFST_RD,5.3953050360711075e-11
DIAG_MTCA15:PICO8_CH5:RNG0_EEGAIN_RD,2.2349370965013549e-10
DIAG_MTCA15:PICO8_CH5:RNG0_EEOFST_RD,5.3440096792201075e-09
DIAG_MTCA15:PICO8_CH5:RNG1_EEGAIN_RD,5.885082785678231e-12
DIAG_MTCA15:PICO8_CH5:RNG1_EEOFST_RD,1.5959361610029532e-10
DIAG_MTCA15:PICO8_CH6:RNG0_EEGAIN_RD,2.2349261330489867e-10
DIAG_MTCA15:PICO8_CH6:RNG0_EEOFST_RD,-8.874943446812722e-09
DIAG_MTCA15:PICO8_CH6:RNG1_EEGAIN_RD,5.885269702132767e-12
DIAG_MTCA15:PICO8_CH6:RNG1_EEOFST_RD,-2.089598494237066e-10
DIAG_MTCA15:PICO8_CH7:RNG0_EEGAIN_RD,2.2342568073430158e-10
DIAG_MTCA15:PICO8_CH7:RNG0_EEOFST_RD,-8.093199888037361e-09
DIAG_MTCA15:PICO8_CH7:RNG1_EEGAIN_RD,5.883753553814763e-12
DIAG_MTCA15:PICO8_CH7:RNG1_EEOFST_RD,-1.8313411898063237e-10
DIAG_MTCA16:PICO7_CH0:RNG0_EEGAIN_RD,2.234273044354751e-10
DIAG_MTCA16:PICO7_CH0:RNG0_EEOFST_RD,-7.214747022032952e-09
DIAG_MTCA16:PICO7_CH0:RNG1_EEGAIN_RD,5.8939905907273715e-12
DIAG_MTCA16:PICO7_CH0:RNG1_EEOFST_RD,-1.8918248911869995e-10
DIAG_MTCA16:PICO7_CH1:RNG0_EEGAIN_RD,2.2345986172567223e-10
DIAG_MTCA16:PICO7_CH1:RNG0_EEOFST_RD,-2.875459315099249e-10
DIAG_MTCA16:PICO7_CH1:RNG1_EEGAIN_RD,5.8916756022486805e-12
DIAG_MTCA16:PICO7_CH1:RNG1_EEOFST_RD,-3.5951005627338217e-13
DIAG_MTCA16:PICO7_CH2:RNG0_EEGAIN_RD,2.2339062544229904e-10
DIAG_MTCA16:PICO7_CH2:RNG0_EEOFST_RD,-8.17749512549426e-09
DIAG_MTCA16:PICO7_CH2:RNG1_EEGAIN_RD,5.890807373148954e-12
DIAG_MTCA16:PICO7_CH2:RNG1_EEOFST_RD,-2.0729074012848514e-10
DIAG_MTCA16:PICO7_CH3:RNG0_EEGAIN_RD,2.2341391237024055e-10
DIAG_MTCA16:PICO7_CH3:RNG0_EEOFST_RD,-3.86670029328684e-09
DIAG_MTCA16:PICO7_CH3:RNG1_EEGAIN_RD,5.89237859893732e-12
DIAG_MTCA16:PICO7_CH3:RNG1_EEOFST_RD,-9.295262476394228e-11
DIAG_MTCA16:PICO7_CH4:RNG0_EEGAIN_RD,2.234033513737188e-10
DIAG_MTCA16:PICO7_CH4:RNG0_EEOFST_RD,-1.9710524767901916e-08
DIAG_MTCA16:PICO7_CH4:RNG1_EEGAIN_RD,5.892233315846207e-12
DIAG_MTCA16:PICO7_CH4:RNG1_EEOFST_RD,-5.22685394965805e-10
DIAG_MTCA16:PICO7_CH5:RNG0_EEGAIN_RD,2.2341964389660518e-10
DIAG_MTCA16:PICO7_CH5:RNG0_EEOFST_RD,-2.608762983413726e-08
DIAG_MTCA16:PICO7_CH5:RNG1_EEGAIN_RD,5.891252763401411e-12
DIAG_MTCA16:PICO7_CH5:RNG1_EEOFST_RD,-6.854493639352199e-10
DIAG_MTCA16:PICO7_CH6:RNG0_EEGAIN_RD,2.2342630523475293e-10
DIAG_MTCA16:PICO7_CH6:RNG0_EEOFST_RD,-3.541914761484577e-09
DIAG_MTCA16:PICO7_CH6:RNG1_EEGAIN_RD,5.891987852474356e-12
DIAG_MTCA16:PICO7_CH6:RNG1_EEOFST_RD,-8.71108046807123e-11
DIAG_MTCA16:PICO7_CH7:RNG0_EEGAIN_RD,2.2341732630604128e-10
DIAG_MTCA16:PICO7_CH7:RNG0_EEOFST_RD,3.864784492435547e-09
DIAG_MTCA16:PICO7_CH7:RNG1_EEGAIN_RD,5.892223774867089e-12
DIAG_MTCA16:PICO7_CH7:RNG1_EEOFST_RD,1.1230248675442311e-10
DIAG_MTCA17:PICO10_CH0:RNG0_EEGAIN_RD,2.2340436445222878e-10
DIAG_MTCA17:PICO10_CH0:RNG0_EEOFST_RD,-2.406336463423031e-08
DIAG_MTCA17:PICO10_CH0:RNG1_EEGAIN_RD,5.8901022080559695e-12
DIAG_MTCA17:PICO10_CH0:RNG1_EEOFST_RD,-6.235364446993685e-10
DIAG_MTCA17:PICO10_CH1:RNG0_EEGAIN_RD,2.2343660255330633e-10
DIAG_MTCA17:PICO10_CH1:RNG0_EEOFST_RD,-1.266520222031886e-08
DIAG_MTCA17:PICO10_CH1:RNG1_EEGAIN_RD,5.8974279452950196e-12
DIAG_MTCA17:PICO10_CH1:RNG1_EEOFST_RD,-3.1498847974376076e-10
DIAG_MTCA17:PICO10_CH2:RNG0_EEGAIN_RD,2.2350304940133014e-10
DIAG_MTCA17:PICO10_CH2:RNG0_EEOFST_RD,1.1076761730066664e-08
DIAG_MTCA17:PICO10_CH2:RNG1_EEGAIN_RD,5.899067692660687e-12
DIAG_MTCA17:PICO10_CH2:RNG1_EEOFST_RD,3.0516247861989143e-10
DIAG_MTCA17:PICO10_CH3:RNG0_EEGAIN_RD,2.234614160379067e-10
DIAG_MTCA17:PICO10_CH3:RNG0_EEOFST_RD,1.2774665769654803e-08
DIAG_MTCA17:PICO10_CH3:RNG1_EEGAIN_RD,5.896726249648987e-12
DIAG_MTCA17:PICO10_CH3:RNG1_EEOFST_RD,3.5315705915195394e-10
DIAG_MTCA17:PICO10_CH4:RNG0_EEGAIN_RD,2.234459561822888e-10
DIAG_MTCA17:PICO10_CH4:RNG0_EEOFST_RD,-1.419543238512233e-08
DIAG_MTCA17:PICO10_CH4:RNG1_EEGAIN_RD,5.889141171250278e-12
DIAG_MTCA17:PICO10_CH4:RNG1_EEOFST_RD,-3.6995290164654193e-10
DIAG_MTCA17:PICO10_CH5:RNG0_EEGAIN_RD,2.234557400226933e-10
DIAG_MTCA17:PICO10_CH5:RNG0_EEOFST_RD,1.5931455044082554e-09
DIAG_MTCA17:PICO10_CH5:RNG1_EEGAIN_RD,5.897522921405329e-12
DIAG_MTCA17:PICO10_CH5:RNG1_EEOFST_RD,6.324326479179021e-11
DIAG_MTCA17:PICO10_CH6:RNG0_EEGAIN_RD,2.2348209394174035e-10
DIAG_MTCA17:PICO10_CH6:RNG0_EEOFST_RD,-1.5817461118672327e-08
DIAG_MTCA17:PICO10_CH6:RNG1_EEGAIN_RD,5.892479212898927e-12
DIAG_MTCA17:PICO10_CH6:RNG1_EEOFST_RD,-3.8991029849277936e-10
DIAG_MTCA17:PICO10_CH7:RNG0_EEGAIN_RD,2.2343861483253846e-10
DIAG_MTCA17:PICO10_CH7:RNG0_EEOFST_RD,-3.934496106694496e-08
DIAG_MTCA17:PICO10_CH7:RNG1_EEGAIN_RD,5.890340298853047e-12
DIAG_MTCA17:PICO10_CH7:RNG1_EEOFST_RD,-1.0086328439129488e-09
DIAG_MTCA17:PICO7_CH0:RNG0_EEGAIN_RD,2.234866181005657e-10
DIAG_MTCA17:PICO7_CH0:RNG0_EEOFST_RD,6.816974540413412e-09
DIAG_MTCA17:PICO7_CH0:RNG1_EEGAIN_RD,5.9016251087451455e-12
DIAG_MTCA17:PICO7_CH0:RNG1_EEOFST_RD,1.8420695524490327e-10
DIAG_MTCA17:PICO7_CH1:RNG0_EEGAIN_RD,2.2352548978421538e-10
DIAG_MTCA17:PICO7_CH1:RNG0_EEOFST_RD,-1.0684518374215468e-11
DIAG_MTCA17:PICO7_CH1:RNG1_EEGAIN_RD,5.904178621701783e-12
DIAG_MTCA17:PICO7_CH1:RNG1_EEOFST_RD,5.472878226997491e-12
DIAG_MTCA17:PICO7_CH2:RNG0_EEGAIN_RD,2.2349913586516834e-10
DIAG_MTCA17:PICO7_CH2:RNG0_EEOFST_RD,-2.2888720252467465e-08
DIAG_MTCA17:PICO7_CH2:RNG1_EEGAIN_RD,5.90227866581472e-12
DIAG_MTCA17:PICO7_CH2:RNG1_EEOFST_RD,-5.99537586243315e-10
DIAG_MTCA17:PICO7_CH3:RNG0_EEGAIN_RD,2.235267804184815e-10
DIAG_MTCA17:PICO7_CH3:RNG0_EEOFST_RD,1.2118464454147215e-08
DIAG_MTCA17:PICO7_CH3:RNG1_EEGAIN_RD,5.903159471659647e-12
DIAG_MTCA17:PICO7_CH3:RNG1_EEOFST_RD,3.246669322276574e-10
DIAG_MTCA17:PICO7_CH4:RNG0_EEGAIN_RD,2.23460527859487e-10
DIAG_MTCA17:PICO7_CH4:RNG0_EEOFST_RD,2.529699472120228e-08
DIAG_MTCA17:PICO7_CH4:RNG1_EEGAIN_RD,5.900405598141534e-12
DIAG_MTCA17:PICO7_CH4:RNG1_EEOFST_RD,6.748188674521316e-10
DIAG_MTCA17:PICO7_CH5:RNG0_EEGAIN_RD,2.2345925110300868e-10
DIAG_MTCA17:PICO7_CH5:RNG0_EEOFST_RD,-1.564969309697517e-08
DIAG_MTCA17:PICO7_CH5:RNG1_EEGAIN_RD,5.902866303392207e-12
DIAG_MTCA17:PICO7_CH5:RNG1_EEOFST_RD,-4.0609773876987276e-10
DIAG_MTCA17:PICO7_CH6:RNG0_EEGAIN_RD,2.2344052996725594e-10
DIAG_MTCA17:PICO7_CH6:RNG0_EEOFST_RD,1.2588527553702988e-08
DIAG_MTCA17:PICO7_CH6:RNG1_EEGAIN_RD,5.9011758153648675e-12
DIAG_MTCA17:PICO7_CH6:RNG1_EEOFST_RD,3.4176853014322717e-10
DIAG_MTCA17:PICO7_CH7:RNG0_EEGAIN_RD,2.2344358308057366e-10
DIAG_MTCA17:PICO7_CH7:RNG0_EEOFST_RD,-8.925731265208015e-09
DIAG_MTCA17:PICO7_CH7:RNG1_EEGAIN_RD,5.902980361460752e-12
DIAG_MTCA17:PICO7_CH7:RNG1_EEOFST_RD,-2.229746387527598e-10
DIAG_MTCA17:PICO8_CH0:RNG0_EEGAIN_RD,2.2339471938970235e-10
DIAG_MTCA17:PICO8_CH0:RNG0_EEOFST_RD,-2.800038423345086e-09
DIAG_MTCA17:PICO8_CH0:RNG1_EEGAIN_RD,5.886164385765502e-12
DIAG_MTCA17:PICO8_CH0:RNG1_EEOFST_RD,-5.136926300997047e-11
DIAG_MTCA17:PICO8_CH1:RNG0_EEGAIN_RD,2.233427887077255e-10
DIAG_MTCA17:PICO8_CH1:RNG0_EEOFST_RD,-2.5883553078642763e-08
DIAG_MTCA17:PICO8_CH1:RNG1_EEGAIN_RD,5.884233204855871e-12
DIAG_MTCA17:PICO8_CH1:RNG1_EEOFST_RD,-6.449571987587888e-10
DIAG_MTCA17:PICO8_CH2:RNG0_EEGAIN_RD,2.233916107652334e-10
DIAG_MTCA17:PICO8_CH2:RNG0_EEOFST_RD,6.149321052362211e-09
DIAG_MTCA17:PICO8_CH2:RNG1_EEGAIN_RD,5.883407042800437e-12
DIAG_MTCA17:PICO8_CH2:RNG1_EEOFST_RD,1.8696726111766537e-10
DIAG_MTCA17:PICO8_CH3:RNG0_EEGAIN_RD,2.2332605209562928e-10
DIAG_MTCA17:PICO8_CH3:RNG0_EEOFST_RD,-1.7655166217878104e-08
DIAG_MTCA17:PICO8_CH3:RNG1_EEGAIN_RD,5.881143662345156e-12
DIAG_MTCA17:PICO8_CH3:RNG1_EEOFST_RD,-4.0680828150563286e-10
DIAG_MTCA17:PICO8_CH4:RNG0_EEGAIN_RD,2.234793322619666e-10
DIAG_MTCA17:PICO8_CH4:RNG0_EEOFST_RD,-5.4252558001621765e-09
DIAG_MTCA17:PICO8_CH4:RNG1_EEGAIN_RD,5.886370817859143e-12
DIAG_MTCA17:PICO8_CH4:RNG1_EEOFST_RD,-1.221438505893957e-10
DIAG_MTCA17:PICO8_CH5:RNG0_EEGAIN_RD,2.234866458561413e-10
DIAG_MTCA17:PICO8_CH5:RNG0_EEOFST_RD,2.1773656655454943e-08
DIAG_MTCA17:PICO8_CH5:RNG1_EEGAIN_RD,5.886037750951756e-12
DIAG_MTCA17:PICO8_CH5:RNG1_EEOFST_RD,5.97909888266912e-10
DIAG_MTCA17:PICO8_CH6:RNG0_EEGAIN_RD,2.2347446115844605e-10
DIAG_MTCA17:PICO8_CH6:RNG0_EEOFST_RD,-9.27142185247476e-09
DIAG_MTCA17:PICO8_CH6:RNG1_EEGAIN_RD,5.8859102487762716e-12
DIAG_MTCA17:PICO8_CH6:RNG1_EEOFST_RD,-2.1740474698273005e-10
DIAG_MTCA17:PICO8_CH7:RNG0_EEGAIN_RD,2.2344996686296525e-10
DIAG_MTCA17:PICO8_CH7:RNG0_EEOFST_RD,-1.8639209287130143e-08
DIAG_MTCA17:PICO8_CH7:RNG1_EEGAIN_RD,5.886378624114785e-12
DIAG_MTCA17:PICO8_CH7:RNG1_EEOFST_RD,-4.678992193696274e-10
DIAG_MTCA17:PICO9_CH0:RNG0_EEGAIN_RD,2.2342384886631095e-10
DIAG_MTCA17:PICO9_CH0:RNG0_EEOFST_RD,-1.579017627761914e-08
DIAG_MTCA17:PICO9_CH0:RNG1_EEGAIN_RD,5.8830739758930495e-12
DIAG_MTCA17:PICO9_CH0:RNG1_EEOFST_RD,-4.0185360594691133e-10
DIAG_MTCA17:PICO9_CH1:RNG0_EEGAIN_RD,2.2343073224906362e-10
DIAG_MTCA17:PICO9_CH1:RNG0_EEOFST_RD,1.1367380814419903e-08
DIAG_MTCA17:PICO9_CH1:RNG1_EEGAIN_RD,5.884961355034912e-12
DIAG_MTCA17:PICO9_CH1:RNG1_EEOFST_RD,3.286646232947277e-10
DIAG_MTCA17:PICO9_CH2:RNG0_EEGAIN_RD,2.234388785105068e-10
DIAG_MTCA17:PICO9_CH2:RNG0_EEOFST_RD,-1.069733546188445e-08
DIAG_MTCA17:PICO9_CH2:RNG1_EEGAIN_RD,5.884469994610342e-12
DIAG_MTCA17:PICO9_CH2:RNG1_EEOFST_RD,-2.367626095178821e-10
DIAG_MTCA17:PICO9_CH3:RNG0_EEGAIN_RD,2.2341394012581617e-10
DIAG_MTCA17:PICO9_CH3:RNG0_EEOFST_RD,-1.086390710725027e-08
DIAG_MTCA17:PICO9_CH3:RNG1_EEGAIN_RD,5.8841139426168976e-12
DIAG_MTCA17:PICO9_CH3:RNG1_EEOFST_RD,-2.3705293283882156e-10
DIAG_MTCA17:PICO9_CH4:RNG0_EEGAIN_RD,2.2338178529146546e-10
DIAG_MTCA17:PICO9_CH4:RNG0_EEOFST_RD,-2.5110946211270857e-08
DIAG_MTCA17:PICO9_CH4:RNG1_EEGAIN_RD,5.882007120955324e-12
DIAG_MTCA17:PICO9_CH4:RNG1_EEOFST_RD,-6.357182003036144e-10
DIAG_MTCA17:PICO9_CH5:RNG0_EEGAIN_RD,2.2335232274794947e-10
DIAG_MTCA17:PICO9_CH5:RNG0_EEOFST_RD,-1.8130862144971616e-08
DIAG_MTCA17:PICO9_CH5:RNG1_EEGAIN_RD,5.881537010893334e-12
DIAG_MTCA17:PICO9_CH5:RNG1_EEOFST_RD,-4.358054195297001e-10
DIAG_MTCA17:PICO9_CH6:RNG0_EEGAIN_RD,2.233791901451454e-10
DIAG_MTCA17:PICO9_CH6:RNG0_EEOFST_RD,-1.0083546442274383e-08
DIAG_MTCA17:PICO9_CH6:RNG1_EEGAIN_RD,5.884212388174159e-12
DIAG_MTCA17:PICO9_CH6:RNG1_EEOFST_RD,-2.338078342045691e-10
DIAG_MTCA17:PICO9_CH7:RNG0_EEGAIN_RD,2.2337107163927783e-10
DIAG_MTCA17:PICO9_CH7:RNG0_EEOFST_RD,-1.8547853031236627e-08
DIAG_MTCA17:PICO9_CH7:RNG1_EEGAIN_RD,5.885007325207026e-12
DIAG_MTCA17:PICO9_CH7:RNG1_EEOFST_RD,-4.348713333879317e-10
DIAG_MTCA19:PICO3_CH0:RNG0_EEGAIN_RD,2.2348206618616473e-10
DIAG_MTCA19:PICO3_CH0:RNG0_EEOFST_RD,-3.3545948241453516e-08
DIAG_MTCA19:PICO3_CH0:RNG1_EEGAIN_RD,5.901882281500459e-12
DIAG_MTCA19:PICO3_CH0:RNG1_EEOFST_RD,-8.794386330279735e-10
DIAG_MTCA19:PICO3_CH1:RNG0_EEGAIN_RD,2.2353396911256596e-10
DIAG_MTCA19:PICO3_CH1:RNG0_EEOFST_RD,-8.636230397485178e-09
DIAG_MTCA19:PICO3_CH1:RNG1_EEGAIN_RD,5.901287705029068e-12
DIAG_MTCA19:PICO3_CH1:RNG1_EEOFST_RD,-2.1289220386577767e-10
DIAG_MTCA19:PICO3_CH2:RNG0_EEGAIN_RD,2.2358941087485817e-10
DIAG_MTCA19:PICO3_CH2:RNG0_EEOFST_RD,6.4560707890848335e-09
DIAG_MTCA19:PICO3_CH2:RNG1_EEGAIN_RD,5.902176750810506e-12
DIAG_MTCA19:PICO3_CH2:RNG1_EEOFST_RD,1.8363725817760468e-10
DIAG_MTCA19:PICO3_CH3:RNG0_EEGAIN_RD,2.2348951855821753e-10
DIAG_MTCA19:PICO3_CH3:RNG0_EEOFST_RD,-2.7128409740839743e-08
DIAG_MTCA19:PICO3_CH3:RNG1_EEGAIN_RD,5.9013267363072774e-12
DIAG_MTCA19:PICO3_CH3:RNG1_EEOFST_RD,-7.473814345182461e-10
DIAG_MTCA19:PICO3_CH4:RNG0_EEGAIN_RD,2.2350292450123987e-10
DIAG_MTCA19:PICO3_CH4:RNG0_EEOFST_RD,-1.0869936950541614e-08
DIAG_MTCA19:PICO3_CH4:RNG1_EEGAIN_RD,5.899499205125336e-12
DIAG_MTCA19:PICO3_CH4:RNG1_EEOFST_RD,-2.7797703028298315e-10
DIAG_MTCA19:PICO3_CH5:RNG0_EEGAIN_RD,2.2344023853371198e-10
DIAG_MTCA19:PICO3_CH5:RNG0_EEOFST_RD,-8.367787351915013e-09
DIAG_MTCA19:PICO3_CH5:RNG1_EEGAIN_RD,5.905534741779128e-12
DIAG_MTCA19:PICO3_CH5:RNG1_EEOFST_RD,-2.1478706313526885e-10
DIAG_MTCA19:PICO3_CH6:RNG0_EEGAIN_RD,2.234750856588974e-10
DIAG_MTCA19:PICO3_CH6:RNG0_EEOFST_RD,9.359024666366622e-10
DIAG_MTCA19:PICO3_CH6:RNG1_EEGAIN_RD,5.9042345665338836e-12
DIAG_MTCA19:PICO3_CH6:RNG1_EEOFST_RD,5.311721062994934e-10
DIAG_MTCA19:PICO3_CH7:RNG0_EEGAIN_RD,2.2343971117777528e-10
DIAG_MTCA19:PICO3_CH7:RNG0_EEOFST_RD,-2.3398561310727928e-08
DIAG_MTCA19:PICO3_CH7:RNG1_EEGAIN_RD,5.899402060610681e-12
DIAG_MTCA19:PICO3_CH7:RNG1_EEOFST_RD,-5.979500783404035e-10
DIAG_MTCA19:PICO4_CH0:RNG0_EEGAIN_RD,2.234775559051272e-10
DIAG_MTCA19:PICO4_CH0:RNG0_EEOFST_RD,-7.499851406578273e-09
DIAG_MTCA19:PICO4_CH0:RNG1_EEGAIN_RD,5.886155712148122e-12
DIAG_MTCA19:PICO4_CH0:RNG1_EEOFST_RD,-1.8309129212745745e-10
DIAG_MTCA19:PICO4_CH1:RNG0_EEGAIN_RD,2.23500676299615e-10
DIAG_MTCA19:PICO4_CH1:RNG0_EEOFST_RD,-1.8610528229601186e-08
DIAG_MTCA19:PICO4_CH1:RNG1_EEGAIN_RD,5.882074341490018e-12
DIAG_MTCA19:PICO4_CH1:RNG1_EEOFST_RD,-4.759593830172548e-10
DIAG_MTCA19:PICO4_CH2:RNG0_EEGAIN_RD,2.234871593342902e-10
DIAG_MTCA19:PICO4_CH2:RNG0_EEOFST_RD,-2.9897833542236185e-08
DIAG_MTCA19:PICO4_CH2:RNG1_EEGAIN_RD,5.882351897246174e-12
DIAG_MTCA19:PICO4_CH2:RNG1_EEOFST_RD,-7.653977451838045e-10
DIAG_MTCA19:PICO4_CH3:RNG0_EEGAIN_RD,2.235141377537886e-10
DIAG_MTCA19:PICO4_CH3:RNG0_EEOFST_RD,2.1994416954385088e-08
DIAG_MTCA19:PICO4_CH3:RNG1_EEGAIN_RD,5.88481130145424e-12
DIAG_MTCA19:PICO4_CH3:RNG1_EEOFST_RD,6.048958001159122e-10
DIAG_MTCA19:PICO4_CH4:RNG0_EEGAIN_RD,2.2345647554544712e-10
DIAG_MTCA19:PICO4_CH4:RNG0_EEOFST_RD,-4.229888261875203e-08
DIAG_MTCA19:PICO4_CH4:RNG1_EEGAIN_RD,5.881222592263313e-12
DIAG_MTCA19:PICO4_CH4:RNG1_EEOFST_RD,-1.1091298990351106e-09
DIAG_MTCA19:PICO4_CH5:RNG0_EEGAIN_RD,2.2347307337966527e-10
DIAG_MTCA19:PICO4_CH5:RNG0_EEOFST_RD,-3.897180356204899e-09
DIAG_MTCA19:PICO4_CH5:RNG1_EEGAIN_RD,5.8820196977005246e-12
DIAG_MTCA19:PICO4_CH5:RNG1_EEOFST_RD,-8.996884487411094e-11
DIAG_MTCA19:PICO4_CH6:RNG0_EEGAIN_RD,2.2347487749208028e-10
DIAG_MTCA19:PICO4_CH6:RNG0_EEOFST_RD,-1.4060078656896735e-09
DIAG_MTCA19:PICO4_CH6:RNG1_EEGAIN_RD,5.884151239171631e-12
DIAG_MTCA19:PICO4_CH6:RNG1_EEOFST_RD,-1.6025543739250914e-11
DIAG_MTCA19:PICO4_CH7:RNG0_EEGAIN_RD,2.234772367160076e-10
DIAG_MTCA19:PICO4_CH7:RNG0_EEOFST_RD,1.3524299014022745e-08
DIAG_MTCA19:PICO4_CH7:RNG1_EEGAIN_RD,5.882893998332417e-12
DIAG_MTCA19:PICO4_CH7:RNG1_EEOFST_RD,3.783671431722979e-10
DIAG_MTCA19:PICO5_CH0:RNG0_EEGAIN_RD,2.2340394811859454e-10
DIAG_MTCA19:PICO5_CH0:RNG0_EEOFST_RD,-1.5717773749202024e-08
DIAG_MTCA19:PICO5_CH0:RNG1_EEGAIN_RD,5.885931499138852e-12
DIAG_MTCA19:PICO5_CH0:RNG1_EEOFST_RD,-3.9836703380480287e-10
DIAG_MTCA19:PICO5_CH1:RNG0_EEGAIN_RD,2.2344127936779756e-10
DIAG_MTCA19:PICO5_CH1:RNG0_EEOFST_RD,-2.378235208766455e-08
DIAG_MTCA19:PICO5_CH1:RNG1_EEGAIN_RD,5.8838207743494575e-12
DIAG_MTCA19:PICO5_CH1:RNG1_EEOFST_RD,-6.060835722188074e-10
DIAG_MTCA19:PICO5_CH2:RNG0_EEGAIN_RD,2.2341092864586187e-10
DIAG_MTCA19:PICO5_CH2:RNG0_EEOFST_RD,-2.3193162945744916e-08
DIAG_MTCA19:PICO5_CH2:RNG1_EEGAIN_RD,5.883501585229878e-12
DIAG_MTCA19:PICO5_CH2:RNG1_EEOFST_RD,-5.835398275699788e-10
DIAG_MTCA19:PICO5_CH3:RNG0_EEGAIN_RD,2.2342173944256416e-10
DIAG_MTCA19:PICO5_CH3:RNG0_EEOFST_RD,-3.9070151558462385e-08
DIAG_MTCA19:PICO5_CH3:RNG1_EEGAIN_RD,5.882361871906161e-12
DIAG_MTCA19:PICO5_CH3:RNG1_EEOFST_RD,-1.0030560826379542e-09
DIAG_MTCA19:PICO5_CH4:RNG0_EEGAIN_RD,2.2345850170246706e-10
DIAG_MTCA19:PICO5_CH4:RNG0_EEOFST_RD,-6.9360739374246805e-09
DIAG_MTCA19:PICO5_CH4:RNG1_EEGAIN_RD,5.8829161160567356e-12
DIAG_MTCA19:PICO5_CH4:RNG1_EEOFST_RD,-1.6693461890593397e-10
DIAG_MTCA19:PICO5_CH5:RNG0_EEGAIN_RD,2.2344114058991948e-10
DIAG_MTCA19:PICO5_CH5:RNG0_EEOFST_RD,-1.3658657316284462e-08
DIAG_MTCA19:PICO5_CH5:RNG1_EEGAIN_RD,5.8827014440265835e-12
DIAG_MTCA19:PICO5_CH5:RNG1_EEOFST_RD,-3.363858080973614e-10
DIAG_MTCA19:PICO5_CH6:RNG0_EEGAIN_RD,2.2346328953926076e-10
DIAG_MTCA19:PICO5_CH6:RNG0_EEOFST_RD,3.6676695014392635e-09
DIAG_MTCA19:PICO5_CH6:RNG1_EEGAIN_RD,5.882682362068348e-12
DIAG_MTCA19:PICO5_CH6:RNG1_EEOFST_RD,1.324484133480297e-10
DIAG_MTCA19:PICO5_CH7:RNG0_EEGAIN_RD,2.2346005601470154e-10
DIAG_MTCA19:PICO5_CH7:RNG0_EEOFST_RD,-2.082919969836894e-08
DIAG_MTCA19:PICO5_CH7:RNG1_EEGAIN_RD,5.882335417373152e-12
DIAG_MTCA19:PICO5_CH7:RNG1_EEOFST_RD,-4.980381107522192e-10
DIAG_MTCA19:PICO6_CH0:RNG0_EEGAIN_RD,2.2345174321980465e-10
DIAG_MTCA19:PICO6_CH0:RNG0_EEOFST_RD,-2.983482971785634e-08
DIAG_MTCA19:PICO6_CH0:RNG1_EEGAIN_RD,5.8841889694072336e-12
DIAG_MTCA19:PICO6_CH0:RNG1_EEOFST_RD,-7.807962054684481e-10
DIAG_MTCA19:PICO6_CH1:RNG0_EEGAIN_RD,2.2345578165605673e-10
DIAG_MTCA19:PICO6_CH1:RNG0_EEOFST_RD,-1.0420837526226023e-09
DIAG_MTCA19:PICO6_CH1:RNG1_EEGAIN_RD,5.884843393838546e-12
DIAG_MTCA19:PICO6_CH1:RNG1_EEOFST_RD,-2.036085189338621e-11
DIAG_MTCA19:PICO6_CH2:RNG0_EEGAIN_RD,2.234464835382255e-10
DIAG_MTCA19:PICO6_CH2:RNG0_EEOFST_RD,3.0225919545046054e-09
DIAG_MTCA19:PICO6_CH2:RNG1_EEGAIN_RD,5.886030378376983e-12
DIAG_MTCA19:PICO6_CH2:RNG1_EEOFST_RD,9.551125862428123e-11
DIAG_MTCA19:PICO6_CH3:RNG0_EEGAIN_RD,2.234457896488351e-10
DIAG_MTCA19:PICO6_CH3:RNG0_EEOFST_RD,-1.1265596455700688e-08
DIAG_MTCA19:PICO6_CH3:RNG1_EEGAIN_RD,5.885646570807923e-12
DIAG_MTCA19:PICO6_CH3:RNG1_EEOFST_RD,-2.7478283537440973e-10
DIAG_MTCA19:PICO6_CH4:RNG0_EEGAIN_RD,2.2343148164960525e-10
DIAG_MTCA19:PICO6_CH4:RNG0_EEOFST_RD,1.1449531989171646e-08
DIAG_MTCA19:PICO6_CH4:RNG1_EEGAIN_RD,5.8848845935211e-12
DIAG_MTCA19:PICO6_CH4:RNG1_EEOFST_RD,3.1048064119687524e-10
DIAG_MTCA19:PICO6_CH5:RNG0_EEGAIN_RD,2.2345345018770502e-10
DIAG_MTCA19:PICO6_CH5:RNG0_EEOFST_RD,-1.3711327184751099e-08
DIAG_MTCA19:PICO6_CH5:RNG1_EEGAIN_RD,5.8848689810098165e-12
DIAG_MTCA19:PICO6_CH5:RNG1_EEOFST_RD,-3.4213898381096897e-10
DIAG_MTCA19:PICO6_CH6:RNG0_EEGAIN_RD,2.2341106742373995e-10
DIAG_MTCA19:PICO6_CH6:RNG0_EEOFST_RD,-2.7052546869299476e-08
DIAG_MTCA19:PICO6_CH6:RNG1_EEGAIN_RD,5.88490194075586e-12
DIAG_MTCA19:PICO6_CH6:RNG1_EEOFST_RD,-6.785130790554206e-10
DIAG_MTCA19:PICO6_CH7:RNG0_EEGAIN_RD,2.234772228382198e-10
DIAG_MTCA19:PICO6_CH7:RNG0_EEOFST_RD,1.061136845059707e-09
DIAG_MTCA19:PICO6_CH7:RNG1_EEGAIN_RD,5.8836646492366196e-12
DIAG_MTCA19:PICO6_CH7:RNG1_EEOFST_RD,6.028561677640099e-11
DIAG_MTCA19:PICO7_CH0:RNG0_EEGAIN_RD,2.2352787676371833e-10
DIAG_MTCA19:PICO7_CH0:RNG0_EEOFST_RD,4.909579853773494e-09
DIAG_MTCA19:PICO7_CH0:RNG1_EEGAIN_RD,5.882739607943055e-12
DIAG_MTCA19:PICO7_CH0:RNG1_EEOFST_RD,1.339989785797968e-10
DIAG_MTCA19:PICO7_CH1:RNG0_EEGAIN_RD,2.234619433938434e-10
DIAG_MTCA19:PICO7_CH1:RNG0_EEOFST_RD,-3.601888920456986e-08
DIAG_MTCA19:PICO7_CH1:RNG1_EEGAIN_RD,5.8853156723048805e-12
DIAG_MTCA19:PICO7_CH1:RNG1_EEOFST_RD,-9.329378380940057e-10
DIAG_MTCA19:PICO7_CH2:RNG0_EEGAIN_RD,2.2347000638855974e-10
DIAG_MTCA19:PICO7_CH2:RNG0_EEOFST_RD,-1.3106506990823164e-08
DIAG_MTCA19:PICO7_CH2:RNG1_EEGAIN_RD,5.881524867829002e-12
DIAG_MTCA19:PICO7_CH2:RNG1_EEOFST_RD,-3.3190170056762724e-10
DIAG_MTCA19:PICO7_CH3:RNG0_EEGAIN_RD,2.2349742889726798e-10
DIAG_MTCA19:PICO7_CH3:RNG0_EEOFST_RD,-1.1768145569135413e-08
DIAG_MTCA19:PICO7_CH3:RNG1_EEGAIN_RD,5.8832266315589354e-12
DIAG_MTCA19:PICO7_CH3:RNG1_EEOFST_RD,-2.762814976797756e-10
DIAG_MTCA19:PICO7_CH4:RNG0_EEGAIN_RD,2.2349766481966071e-10
DIAG_MTCA19:PICO7_CH4:RNG0_EEOFST_RD,5.788611812107547e-09
DIAG_MTCA19:PICO7_CH4:RNG1_EEGAIN_RD,5.8830687717226215e-12
DIAG_MTCA19:PICO7_CH4:RNG1_EEOFST_RD,1.594479409616767e-10
DIAG_MTCA19:PICO7_CH5:RNG0_EEGAIN_RD,2.235075874379433e-10
DIAG_MTCA19:PICO7_CH5:RNG0_EEOFST_RD,-8.76509531622105e-09
DIAG_MTCA19:PICO7_CH5:RNG1_EEGAIN_RD,5.88368156279051e-12
DIAG_MTCA19:PICO7_CH5:RNG1_EEOFST_RD,-2.1767303237663072e-10
DIAG_MTCA19:PICO7_CH6:RNG0_EEGAIN_RD,2.2348195516386227e-10
DIAG_MTCA19:PICO7_CH6:RNG0_EEOFST_RD,-7.566898219124596e-10
DIAG_MTCA19:PICO7_CH6:RNG1_EEGAIN_RD,5.883468625483834e-12
DIAG_MTCA19:PICO7_CH6:RNG1_EEOFST_RD,-1.6428997919037958e-12
DIAG_MTCA19:PICO7_CH7:RNG0_EEGAIN_RD,2.2349617989636528e-10
DIAG_MTCA19:PICO7_CH7:RNG0_EEOFST_RD,1.1702515401168512e-08
DIAG_MTCA19:PICO7_CH7:RNG1_EEGAIN_RD,5.883883658075462e-12
DIAG_MTCA19:PICO7_CH7:RNG1_EEOFST_RD,3.399321379937703e-10
DIAG_MTCA19:PICO8_CH0:RNG0_EEGAIN_RD,2.2346448302901223e-10
DIAG_MTCA19:PICO8_CH0:RNG0_EEOFST_RD,-9.678193357842702e-09
DIAG_MTCA19:PICO8_CH0:RNG1_EEGAIN_RD,5.884514230058979e-12
DIAG_MTCA19:PICO8_CH0:RNG1_EEOFST_RD,-2.3218652001055773e-10
DIAG_MTCA19:PICO8_CH1:RNG0_EEGAIN_RD,2.2342568073430158e-10
DIAG_MTCA19:PICO8_CH1:RNG0_EEOFST_RD,-1.5219475457683984e-08
DIAG_MTCA19:PICO8_CH1:RNG1_EEGAIN_RD,5.88272876592133e-12
DIAG_MTCA19:PICO8_CH1:RNG1_EEOFST_RD,-3.7908967631672397e-10
DIAG_MTCA19:PICO8_CH2:RNG0_EEGAIN_RD,2.2349946893207573e-10
DIAG_MTCA19:PICO8_CH2:RNG0_EEOFST_RD,6.017119691392736e-09
DIAG_MTCA19:PICO8_CH2:RNG1_EEGAIN_RD,5.8871072079746956e-12
DIAG_MTCA19:PICO8_CH2:RNG1_EEOFST_RD,1.8684000180346771e-10
DIAG_MTCA19:PICO8_CH3:RNG0_EEGAIN_RD,2.2345258976486093e-10
DIAG_MTCA19:PICO8_CH3:RNG0_EEOFST_RD,9.695646063789809e-09
DIAG_MTCA19:PICO8_CH3:RNG1_EEGAIN_RD,5.887581654845375e-12
DIAG_MTCA19:PICO8_CH3:RNG1_EEOFST_RD,3.124056291436972e-10
DIAG_MTCA19:PICO8_CH4:RNG0_EEGAIN_RD,2.2343453476292297e-10
DIAG_MTCA19:PICO8_CH4:RNG0_EEOFST_RD,-6.510929129177612e-09
DIAG_MTCA19:PICO8_CH4:RNG1_EEGAIN_RD,5.881792015244303e-12
DIAG_MTCA19:PICO8_CH4:RNG1_EEOFST_RD,-1.5853623969164232e-10
DIAG_MTCA19:PICO8_CH5:RNG0_EEGAIN_RD,2.2342136474229335e-10
DIAG_MTCA19:PICO8_CH5:RNG0_EEOFST_RD,-3.5236354278822546e-08
DIAG_MTCA19:PICO8_CH5:RNG1_EEGAIN_RD,5.882602564788453e-12
DIAG_MTCA19:PICO8_CH5:RNG1_EEOFST_RD,-9.024391789402841e-10
DIAG_MTCA19:PICO8_CH6:RNG0_EEGAIN_RD,2.234283730251363e-10
DIAG_MTCA19:PICO8_CH6:RNG0_EEOFST_RD,-1.0329303634648568e-08
DIAG_MTCA19:PICO8_CH6:RNG1_EEGAIN_RD,5.882016228253573e-12
DIAG_MTCA19:PICO8_CH6:RNG1_EEOFST_RD,-2.4336471726726927e-10
DIAG_MTCA19:PICO8_CH7:RNG0_EEGAIN_RD,2.2343896177723366e-10
DIAG_MTCA19:PICO8_CH7:RNG0_EEOFST_RD,-1.9446988464011383e-09
DIAG_MTCA19:PICO8_CH7:RNG1_EEGAIN_RD,5.884162948555094e-12
DIAG_MTCA19:PICO8_CH7:RNG1_EEOFST_RD,-6.804798911852483e-12
